/mnt/dataset/dataset/stereo_adaptation/KITTI/2011_09_26/2011_09_26_drive_0056_sync/image_02/data/0000000005.jpg,/mnt/dataset/dataset/stereo_adaptation/KITTI/2011_09_26/2011_09_26_drive_0056_sync/image_03/data/0000000005.jpg,/mnt/dataset/dataset/stereo_adaptation/KITTI/2011_09_26/2011_09_26_drive_0056_sync/proj_disp/groundtruth/0000000005.png
/mnt/dataset/dataset/stereo_adaptation/KITTI/2011_09_26/2011_09_26_drive_0056_sync/image_02/data/0000000006.jpg,/mnt/dataset/dataset/stereo_adaptation/KITTI/2011_09_26/2011_09_26_drive_0056_sync/image_03/data/0000000006.jpg,/mnt/dataset/dataset/stereo_adaptation/KITTI/2011_09_26/2011_09_26_drive_0056_sync/proj_disp/groundtruth/0000000006.png
/mnt/dataset/dataset/stereo_adaptation/KITTI/2011_09_26/2011_09_26_drive_0056_sync/image_02/data/0000000007.jpg,/mnt/dataset/dataset/stereo_adaptation/KITTI/2011_09_26/2011_09_26_drive_0056_sync/image_03/data/0000000007.jpg,/mnt/dataset/dataset/stereo_adaptation/KITTI/2011_09_26/2011_09_26_drive_0056_sync/proj_disp/groundtruth/0000000007.png
/mnt/dataset/dataset/stereo_adaptation/KITTI/2011_09_26/2011_09_26_drive_0056_sync/image_02/data/0000000008.jpg,/mnt/dataset/dataset/stereo_adaptation/KITTI/2011_09_26/2011_09_26_drive_0056_sync/image_03/data/0000000008.jpg,/mnt/dataset/dataset/stereo_adaptation/KITTI/2011_09_26/2011_09_26_drive_0056_sync/proj_disp/groundtruth/0000000008.png
/mnt/dataset/dataset/stereo_adaptation/KITTI/2011_09_26/2011_09_26_drive_0056_sync/image_02/data/0000000009.jpg,/mnt/dataset/dataset/stereo_adaptation/KITTI/2011_09_26/2011_09_26_drive_0056_sync/image_03/data/0000000009.jpg,/mnt/dataset/dataset/stereo_adaptation/KITTI/2011_09_26/2011_09_26_drive_0056_sync/proj_disp/groundtruth/0000000009.png
/mnt/dataset/dataset/stereo_adaptation/KITTI/2011_09_26/2011_09_26_drive_0056_sync/image_02/data/0000000010.jpg,/mnt/dataset/dataset/stereo_adaptation/KITTI/2011_09_26/2011_09_26_drive_0056_sync/image_03/data/0000000010.jpg,/mnt/dataset/dataset/stereo_adaptation/KITTI/2011_09_26/2011_09_26_drive_0056_sync/proj_disp/groundtruth/0000000010.png
/mnt/dataset/dataset/stereo_adaptation/KITTI/2011_09_26/2011_09_26_drive_0056_sync/image_02/data/0000000011.jpg,/mnt/dataset/dataset/stereo_adaptation/KITTI/2011_09_26/2011_09_26_drive_0056_sync/image_03/data/0000000011.jpg,/mnt/dataset/dataset/stereo_adaptation/KITTI/2011_09_26/2011_09_26_drive_0056_sync/proj_disp/groundtruth/0000000011.png
/mnt/dataset/dataset/stereo_adaptation/KITTI/2011_09_26/2011_09_26_drive_0056_sync/image_02/data/0000000012.jpg,/mnt/dataset/dataset/stereo_adaptation/KITTI/2011_09_26/2011_09_26_drive_0056_sync/image_03/data/0000000012.jpg,/mnt/dataset/dataset/stereo_adaptation/KITTI/2011_09_26/2011_09_26_drive_0056_sync/proj_disp/groundtruth/0000000012.png
/mnt/dataset/dataset/stereo_adaptation/KITTI/2011_09_26/2011_09_26_drive_0056_sync/image_02/data/0000000013.jpg,/mnt/dataset/dataset/stereo_adaptation/KITTI/2011_09_26/2011_09_26_drive_0056_sync/image_03/data/0000000013.jpg,/mnt/dataset/dataset/stereo_adaptation/KITTI/2011_09_26/2011_09_26_drive_0056_sync/proj_disp/groundtruth/0000000013.png
/mnt/dataset/dataset/stereo_adaptation/KITTI/2011_09_26/2011_09_26_drive_0056_sync/image_02/data/0000000014.jpg,/mnt/dataset/dataset/stereo_adaptation/KITTI/2011_09_26/2011_09_26_drive_0056_sync/image_03/data/0000000014.jpg,/mnt/dataset/dataset/stereo_adaptation/KITTI/2011_09_26/2011_09_26_drive_0056_sync/proj_disp/groundtruth/0000000014.png
/mnt/dataset/dataset/stereo_adaptation/KITTI/2011_09_26/2011_09_26_drive_0056_sync/image_02/data/0000000015.jpg,/mnt/dataset/dataset/stereo_adaptation/KITTI/2011_09_26/2011_09_26_drive_0056_sync/image_03/data/0000000015.jpg,/mnt/dataset/dataset/stereo_adaptation/KITTI/2011_09_26/2011_09_26_drive_0056_sync/proj_disp/groundtruth/0000000015.png
/mnt/dataset/dataset/stereo_adaptation/KITTI/2011_09_26/2011_09_26_drive_0056_sync/image_02/data/0000000016.jpg,/mnt/dataset/dataset/stereo_adaptation/KITTI/2011_09_26/2011_09_26_drive_0056_sync/image_03/data/0000000016.jpg,/mnt/dataset/dataset/stereo_adaptation/KITTI/2011_09_26/2011_09_26_drive_0056_sync/proj_disp/groundtruth/0000000016.png
/mnt/dataset/dataset/stereo_adaptation/KITTI/2011_09_26/2011_09_26_drive_0056_sync/image_02/data/0000000017.jpg,/mnt/dataset/dataset/stereo_adaptation/KITTI/2011_09_26/2011_09_26_drive_0056_sync/image_03/data/0000000017.jpg,/mnt/dataset/dataset/stereo_adaptation/KITTI/2011_09_26/2011_09_26_drive_0056_sync/proj_disp/groundtruth/0000000017.png
/mnt/dataset/dataset/stereo_adaptation/KITTI/2011_09_26/2011_09_26_drive_0056_sync/image_02/data/0000000018.jpg,/mnt/dataset/dataset/stereo_adaptation/KITTI/2011_09_26/2011_09_26_drive_0056_sync/image_03/data/0000000018.jpg,/mnt/dataset/dataset/stereo_adaptation/KITTI/2011_09_26/2011_09_26_drive_0056_sync/proj_disp/groundtruth/0000000018.png
/mnt/dataset/dataset/stereo_adaptation/KITTI/2011_09_26/2011_09_26_drive_0056_sync/image_02/data/0000000019.jpg,/mnt/dataset/dataset/stereo_adaptation/KITTI/2011_09_26/2011_09_26_drive_0056_sync/image_03/data/0000000019.jpg,/mnt/dataset/dataset/stereo_adaptation/KITTI/2011_09_26/2011_09_26_drive_0056_sync/proj_disp/groundtruth/0000000019.png
/mnt/dataset/dataset/stereo_adaptation/KITTI/2011_09_26/2011_09_26_drive_0056_sync/image_02/data/0000000020.jpg,/mnt/dataset/dataset/stereo_adaptation/KITTI/2011_09_26/2011_09_26_drive_0056_sync/image_03/data/0000000020.jpg,/mnt/dataset/dataset/stereo_adaptation/KITTI/2011_09_26/2011_09_26_drive_0056_sync/proj_disp/groundtruth/0000000020.png
/mnt/dataset/dataset/stereo_adaptation/KITTI/2011_09_26/2011_09_26_drive_0056_sync/image_02/data/0000000021.jpg,/mnt/dataset/dataset/stereo_adaptation/KITTI/2011_09_26/2011_09_26_drive_0056_sync/image_03/data/0000000021.jpg,/mnt/dataset/dataset/stereo_adaptation/KITTI/2011_09_26/2011_09_26_drive_0056_sync/proj_disp/groundtruth/0000000021.png
/mnt/dataset/dataset/stereo_adaptation/KITTI/2011_09_26/2011_09_26_drive_0056_sync/image_02/data/0000000022.jpg,/mnt/dataset/dataset/stereo_adaptation/KITTI/2011_09_26/2011_09_26_drive_0056_sync/image_03/data/0000000022.jpg,/mnt/dataset/dataset/stereo_adaptation/KITTI/2011_09_26/2011_09_26_drive_0056_sync/proj_disp/groundtruth/0000000022.png
/mnt/dataset/dataset/stereo_adaptation/KITTI/2011_09_26/2011_09_26_drive_0056_sync/image_02/data/0000000023.jpg,/mnt/dataset/dataset/stereo_adaptation/KITTI/2011_09_26/2011_09_26_drive_0056_sync/image_03/data/0000000023.jpg,/mnt/dataset/dataset/stereo_adaptation/KITTI/2011_09_26/2011_09_26_drive_0056_sync/proj_disp/groundtruth/0000000023.png
/mnt/dataset/dataset/stereo_adaptation/KITTI/2011_09_26/2011_09_26_drive_0056_sync/image_02/data/0000000024.jpg,/mnt/dataset/dataset/stereo_adaptation/KITTI/2011_09_26/2011_09_26_drive_0056_sync/image_03/data/0000000024.jpg,/mnt/dataset/dataset/stereo_adaptation/KITTI/2011_09_26/2011_09_26_drive_0056_sync/proj_disp/groundtruth/0000000024.png
/mnt/dataset/dataset/stereo_adaptation/KITTI/2011_09_26/2011_09_26_drive_0056_sync/image_02/data/0000000025.jpg,/mnt/dataset/dataset/stereo_adaptation/KITTI/2011_09_26/2011_09_26_drive_0056_sync/image_03/data/0000000025.jpg,/mnt/dataset/dataset/stereo_adaptation/KITTI/2011_09_26/2011_09_26_drive_0056_sync/proj_disp/groundtruth/0000000025.png
/mnt/dataset/dataset/stereo_adaptation/KITTI/2011_09_26/2011_09_26_drive_0056_sync/image_02/data/0000000026.jpg,/mnt/dataset/dataset/stereo_adaptation/KITTI/2011_09_26/2011_09_26_drive_0056_sync/image_03/data/0000000026.jpg,/mnt/dataset/dataset/stereo_adaptation/KITTI/2011_09_26/2011_09_26_drive_0056_sync/proj_disp/groundtruth/0000000026.png
/mnt/dataset/dataset/stereo_adaptation/KITTI/2011_09_26/2011_09_26_drive_0056_sync/image_02/data/0000000027.jpg,/mnt/dataset/dataset/stereo_adaptation/KITTI/2011_09_26/2011_09_26_drive_0056_sync/image_03/data/0000000027.jpg,/mnt/dataset/dataset/stereo_adaptation/KITTI/2011_09_26/2011_09_26_drive_0056_sync/proj_disp/groundtruth/0000000027.png
/mnt/dataset/dataset/stereo_adaptation/KITTI/2011_09_26/2011_09_26_drive_0056_sync/image_02/data/0000000028.jpg,/mnt/dataset/dataset/stereo_adaptation/KITTI/2011_09_26/2011_09_26_drive_0056_sync/image_03/data/0000000028.jpg,/mnt/dataset/dataset/stereo_adaptation/KITTI/2011_09_26/2011_09_26_drive_0056_sync/proj_disp/groundtruth/0000000028.png
/mnt/dataset/dataset/stereo_adaptation/KITTI/2011_09_26/2011_09_26_drive_0056_sync/image_02/data/0000000029.jpg,/mnt/dataset/dataset/stereo_adaptation/KITTI/2011_09_26/2011_09_26_drive_0056_sync/image_03/data/0000000029.jpg,/mnt/dataset/dataset/stereo_adaptation/KITTI/2011_09_26/2011_09_26_drive_0056_sync/proj_disp/groundtruth/0000000029.png
/mnt/dataset/dataset/stereo_adaptation/KITTI/2011_09_26/2011_09_26_drive_0056_sync/image_02/data/0000000030.jpg,/mnt/dataset/dataset/stereo_adaptation/KITTI/2011_09_26/2011_09_26_drive_0056_sync/image_03/data/0000000030.jpg,/mnt/dataset/dataset/stereo_adaptation/KITTI/2011_09_26/2011_09_26_drive_0056_sync/proj_disp/groundtruth/0000000030.png
/mnt/dataset/dataset/stereo_adaptation/KITTI/2011_09_26/2011_09_26_drive_0056_sync/image_02/data/0000000031.jpg,/mnt/dataset/dataset/stereo_adaptation/KITTI/2011_09_26/2011_09_26_drive_0056_sync/image_03/data/0000000031.jpg,/mnt/dataset/dataset/stereo_adaptation/KITTI/2011_09_26/2011_09_26_drive_0056_sync/proj_disp/groundtruth/0000000031.png
/mnt/dataset/dataset/stereo_adaptation/KITTI/2011_09_26/2011_09_26_drive_0056_sync/image_02/data/0000000032.jpg,/mnt/dataset/dataset/stereo_adaptation/KITTI/2011_09_26/2011_09_26_drive_0056_sync/image_03/data/0000000032.jpg,/mnt/dataset/dataset/stereo_adaptation/KITTI/2011_09_26/2011_09_26_drive_0056_sync/proj_disp/groundtruth/0000000032.png
/mnt/dataset/dataset/stereo_adaptation/KITTI/2011_09_26/2011_09_26_drive_0056_sync/image_02/data/0000000033.jpg,/mnt/dataset/dataset/stereo_adaptation/KITTI/2011_09_26/2011_09_26_drive_0056_sync/image_03/data/0000000033.jpg,/mnt/dataset/dataset/stereo_adaptation/KITTI/2011_09_26/2011_09_26_drive_0056_sync/proj_disp/groundtruth/0000000033.png
/mnt/dataset/dataset/stereo_adaptation/KITTI/2011_09_26/2011_09_26_drive_0056_sync/image_02/data/0000000034.jpg,/mnt/dataset/dataset/stereo_adaptation/KITTI/2011_09_26/2011_09_26_drive_0056_sync/image_03/data/0000000034.jpg,/mnt/dataset/dataset/stereo_adaptation/KITTI/2011_09_26/2011_09_26_drive_0056_sync/proj_disp/groundtruth/0000000034.png
/mnt/dataset/dataset/stereo_adaptation/KITTI/2011_09_26/2011_09_26_drive_0056_sync/image_02/data/0000000035.jpg,/mnt/dataset/dataset/stereo_adaptation/KITTI/2011_09_26/2011_09_26_drive_0056_sync/image_03/data/0000000035.jpg,/mnt/dataset/dataset/stereo_adaptation/KITTI/2011_09_26/2011_09_26_drive_0056_sync/proj_disp/groundtruth/0000000035.png
/mnt/dataset/dataset/stereo_adaptation/KITTI/2011_09_26/2011_09_26_drive_0056_sync/image_02/data/0000000036.jpg,/mnt/dataset/dataset/stereo_adaptation/KITTI/2011_09_26/2011_09_26_drive_0056_sync/image_03/data/0000000036.jpg,/mnt/dataset/dataset/stereo_adaptation/KITTI/2011_09_26/2011_09_26_drive_0056_sync/proj_disp/groundtruth/0000000036.png
/mnt/dataset/dataset/stereo_adaptation/KITTI/2011_09_26/2011_09_26_drive_0056_sync/image_02/data/0000000037.jpg,/mnt/dataset/dataset/stereo_adaptation/KITTI/2011_09_26/2011_09_26_drive_0056_sync/image_03/data/0000000037.jpg,/mnt/dataset/dataset/stereo_adaptation/KITTI/2011_09_26/2011_09_26_drive_0056_sync/proj_disp/groundtruth/0000000037.png
/mnt/dataset/dataset/stereo_adaptation/KITTI/2011_09_26/2011_09_26_drive_0056_sync/image_02/data/0000000038.jpg,/mnt/dataset/dataset/stereo_adaptation/KITTI/2011_09_26/2011_09_26_drive_0056_sync/image_03/data/0000000038.jpg,/mnt/dataset/dataset/stereo_adaptation/KITTI/2011_09_26/2011_09_26_drive_0056_sync/proj_disp/groundtruth/0000000038.png
/mnt/dataset/dataset/stereo_adaptation/KITTI/2011_09_26/2011_09_26_drive_0056_sync/image_02/data/0000000039.jpg,/mnt/dataset/dataset/stereo_adaptation/KITTI/2011_09_26/2011_09_26_drive_0056_sync/image_03/data/0000000039.jpg,/mnt/dataset/dataset/stereo_adaptation/KITTI/2011_09_26/2011_09_26_drive_0056_sync/proj_disp/groundtruth/0000000039.png
/mnt/dataset/dataset/stereo_adaptation/KITTI/2011_09_26/2011_09_26_drive_0056_sync/image_02/data/0000000040.jpg,/mnt/dataset/dataset/stereo_adaptation/KITTI/2011_09_26/2011_09_26_drive_0056_sync/image_03/data/0000000040.jpg,/mnt/dataset/dataset/stereo_adaptation/KITTI/2011_09_26/2011_09_26_drive_0056_sync/proj_disp/groundtruth/0000000040.png
/mnt/dataset/dataset/stereo_adaptation/KITTI/2011_09_26/2011_09_26_drive_0056_sync/image_02/data/0000000041.jpg,/mnt/dataset/dataset/stereo_adaptation/KITTI/2011_09_26/2011_09_26_drive_0056_sync/image_03/data/0000000041.jpg,/mnt/dataset/dataset/stereo_adaptation/KITTI/2011_09_26/2011_09_26_drive_0056_sync/proj_disp/groundtruth/0000000041.png
/mnt/dataset/dataset/stereo_adaptation/KITTI/2011_09_26/2011_09_26_drive_0056_sync/image_02/data/0000000042.jpg,/mnt/dataset/dataset/stereo_adaptation/KITTI/2011_09_26/2011_09_26_drive_0056_sync/image_03/data/0000000042.jpg,/mnt/dataset/dataset/stereo_adaptation/KITTI/2011_09_26/2011_09_26_drive_0056_sync/proj_disp/groundtruth/0000000042.png
/mnt/dataset/dataset/stereo_adaptation/KITTI/2011_09_26/2011_09_26_drive_0056_sync/image_02/data/0000000043.jpg,/mnt/dataset/dataset/stereo_adaptation/KITTI/2011_09_26/2011_09_26_drive_0056_sync/image_03/data/0000000043.jpg,/mnt/dataset/dataset/stereo_adaptation/KITTI/2011_09_26/2011_09_26_drive_0056_sync/proj_disp/groundtruth/0000000043.png
/mnt/dataset/dataset/stereo_adaptation/KITTI/2011_09_26/2011_09_26_drive_0056_sync/image_02/data/0000000044.jpg,/mnt/dataset/dataset/stereo_adaptation/KITTI/2011_09_26/2011_09_26_drive_0056_sync/image_03/data/0000000044.jpg,/mnt/dataset/dataset/stereo_adaptation/KITTI/2011_09_26/2011_09_26_drive_0056_sync/proj_disp/groundtruth/0000000044.png
/mnt/dataset/dataset/stereo_adaptation/KITTI/2011_09_26/2011_09_26_drive_0056_sync/image_02/data/0000000045.jpg,/mnt/dataset/dataset/stereo_adaptation/KITTI/2011_09_26/2011_09_26_drive_0056_sync/image_03/data/0000000045.jpg,/mnt/dataset/dataset/stereo_adaptation/KITTI/2011_09_26/2011_09_26_drive_0056_sync/proj_disp/groundtruth/0000000045.png
/mnt/dataset/dataset/stereo_adaptation/KITTI/2011_09_26/2011_09_26_drive_0056_sync/image_02/data/0000000046.jpg,/mnt/dataset/dataset/stereo_adaptation/KITTI/2011_09_26/2011_09_26_drive_0056_sync/image_03/data/0000000046.jpg,/mnt/dataset/dataset/stereo_adaptation/KITTI/2011_09_26/2011_09_26_drive_0056_sync/proj_disp/groundtruth/0000000046.png
/mnt/dataset/dataset/stereo_adaptation/KITTI/2011_09_26/2011_09_26_drive_0056_sync/image_02/data/0000000047.jpg,/mnt/dataset/dataset/stereo_adaptation/KITTI/2011_09_26/2011_09_26_drive_0056_sync/image_03/data/0000000047.jpg,/mnt/dataset/dataset/stereo_adaptation/KITTI/2011_09_26/2011_09_26_drive_0056_sync/proj_disp/groundtruth/0000000047.png
/mnt/dataset/dataset/stereo_adaptation/KITTI/2011_09_26/2011_09_26_drive_0056_sync/image_02/data/0000000048.jpg,/mnt/dataset/dataset/stereo_adaptation/KITTI/2011_09_26/2011_09_26_drive_0056_sync/image_03/data/0000000048.jpg,/mnt/dataset/dataset/stereo_adaptation/KITTI/2011_09_26/2011_09_26_drive_0056_sync/proj_disp/groundtruth/0000000048.png
/mnt/dataset/dataset/stereo_adaptation/KITTI/2011_09_26/2011_09_26_drive_0056_sync/image_02/data/0000000049.jpg,/mnt/dataset/dataset/stereo_adaptation/KITTI/2011_09_26/2011_09_26_drive_0056_sync/image_03/data/0000000049.jpg,/mnt/dataset/dataset/stereo_adaptation/KITTI/2011_09_26/2011_09_26_drive_0056_sync/proj_disp/groundtruth/0000000049.png
/mnt/dataset/dataset/stereo_adaptation/KITTI/2011_09_26/2011_09_26_drive_0056_sync/image_02/data/0000000050.jpg,/mnt/dataset/dataset/stereo_adaptation/KITTI/2011_09_26/2011_09_26_drive_0056_sync/image_03/data/0000000050.jpg,/mnt/dataset/dataset/stereo_adaptation/KITTI/2011_09_26/2011_09_26_drive_0056_sync/proj_disp/groundtruth/0000000050.png
/mnt/dataset/dataset/stereo_adaptation/KITTI/2011_09_26/2011_09_26_drive_0056_sync/image_02/data/0000000051.jpg,/mnt/dataset/dataset/stereo_adaptation/KITTI/2011_09_26/2011_09_26_drive_0056_sync/image_03/data/0000000051.jpg,/mnt/dataset/dataset/stereo_adaptation/KITTI/2011_09_26/2011_09_26_drive_0056_sync/proj_disp/groundtruth/0000000051.png
/mnt/dataset/dataset/stereo_adaptation/KITTI/2011_09_26/2011_09_26_drive_0056_sync/image_02/data/0000000052.jpg,/mnt/dataset/dataset/stereo_adaptation/KITTI/2011_09_26/2011_09_26_drive_0056_sync/image_03/data/0000000052.jpg,/mnt/dataset/dataset/stereo_adaptation/KITTI/2011_09_26/2011_09_26_drive_0056_sync/proj_disp/groundtruth/0000000052.png
/mnt/dataset/dataset/stereo_adaptation/KITTI/2011_09_26/2011_09_26_drive_0056_sync/image_02/data/0000000053.jpg,/mnt/dataset/dataset/stereo_adaptation/KITTI/2011_09_26/2011_09_26_drive_0056_sync/image_03/data/0000000053.jpg,/mnt/dataset/dataset/stereo_adaptation/KITTI/2011_09_26/2011_09_26_drive_0056_sync/proj_disp/groundtruth/0000000053.png
/mnt/dataset/dataset/stereo_adaptation/KITTI/2011_09_26/2011_09_26_drive_0056_sync/image_02/data/0000000054.jpg,/mnt/dataset/dataset/stereo_adaptation/KITTI/2011_09_26/2011_09_26_drive_0056_sync/image_03/data/0000000054.jpg,/mnt/dataset/dataset/stereo_adaptation/KITTI/2011_09_26/2011_09_26_drive_0056_sync/proj_disp/groundtruth/0000000054.png
/mnt/dataset/dataset/stereo_adaptation/KITTI/2011_09_26/2011_09_26_drive_0056_sync/image_02/data/0000000055.jpg,/mnt/dataset/dataset/stereo_adaptation/KITTI/2011_09_26/2011_09_26_drive_0056_sync/image_03/data/0000000055.jpg,/mnt/dataset/dataset/stereo_adaptation/KITTI/2011_09_26/2011_09_26_drive_0056_sync/proj_disp/groundtruth/0000000055.png
/mnt/dataset/dataset/stereo_adaptation/KITTI/2011_09_26/2011_09_26_drive_0056_sync/image_02/data/0000000056.jpg,/mnt/dataset/dataset/stereo_adaptation/KITTI/2011_09_26/2011_09_26_drive_0056_sync/image_03/data/0000000056.jpg,/mnt/dataset/dataset/stereo_adaptation/KITTI/2011_09_26/2011_09_26_drive_0056_sync/proj_disp/groundtruth/0000000056.png
/mnt/dataset/dataset/stereo_adaptation/KITTI/2011_09_26/2011_09_26_drive_0056_sync/image_02/data/0000000057.jpg,/mnt/dataset/dataset/stereo_adaptation/KITTI/2011_09_26/2011_09_26_drive_0056_sync/image_03/data/0000000057.jpg,/mnt/dataset/dataset/stereo_adaptation/KITTI/2011_09_26/2011_09_26_drive_0056_sync/proj_disp/groundtruth/0000000057.png
/mnt/dataset/dataset/stereo_adaptation/KITTI/2011_09_26/2011_09_26_drive_0056_sync/image_02/data/0000000058.jpg,/mnt/dataset/dataset/stereo_adaptation/KITTI/2011_09_26/2011_09_26_drive_0056_sync/image_03/data/0000000058.jpg,/mnt/dataset/dataset/stereo_adaptation/KITTI/2011_09_26/2011_09_26_drive_0056_sync/proj_disp/groundtruth/0000000058.png
/mnt/dataset/dataset/stereo_adaptation/KITTI/2011_09_26/2011_09_26_drive_0056_sync/image_02/data/0000000059.jpg,/mnt/dataset/dataset/stereo_adaptation/KITTI/2011_09_26/2011_09_26_drive_0056_sync/image_03/data/0000000059.jpg,/mnt/dataset/dataset/stereo_adaptation/KITTI/2011_09_26/2011_09_26_drive_0056_sync/proj_disp/groundtruth/0000000059.png
/mnt/dataset/dataset/stereo_adaptation/KITTI/2011_09_26/2011_09_26_drive_0056_sync/image_02/data/0000000060.jpg,/mnt/dataset/dataset/stereo_adaptation/KITTI/2011_09_26/2011_09_26_drive_0056_sync/image_03/data/0000000060.jpg,/mnt/dataset/dataset/stereo_adaptation/KITTI/2011_09_26/2011_09_26_drive_0056_sync/proj_disp/groundtruth/0000000060.png
/mnt/dataset/dataset/stereo_adaptation/KITTI/2011_09_26/2011_09_26_drive_0056_sync/image_02/data/0000000061.jpg,/mnt/dataset/dataset/stereo_adaptation/KITTI/2011_09_26/2011_09_26_drive_0056_sync/image_03/data/0000000061.jpg,/mnt/dataset/dataset/stereo_adaptation/KITTI/2011_09_26/2011_09_26_drive_0056_sync/proj_disp/groundtruth/0000000061.png
/mnt/dataset/dataset/stereo_adaptation/KITTI/2011_09_26/2011_09_26_drive_0056_sync/image_02/data/0000000062.jpg,/mnt/dataset/dataset/stereo_adaptation/KITTI/2011_09_26/2011_09_26_drive_0056_sync/image_03/data/0000000062.jpg,/mnt/dataset/dataset/stereo_adaptation/KITTI/2011_09_26/2011_09_26_drive_0056_sync/proj_disp/groundtruth/0000000062.png
/mnt/dataset/dataset/stereo_adaptation/KITTI/2011_09_26/2011_09_26_drive_0056_sync/image_02/data/0000000063.jpg,/mnt/dataset/dataset/stereo_adaptation/KITTI/2011_09_26/2011_09_26_drive_0056_sync/image_03/data/0000000063.jpg,/mnt/dataset/dataset/stereo_adaptation/KITTI/2011_09_26/2011_09_26_drive_0056_sync/proj_disp/groundtruth/0000000063.png
/mnt/dataset/dataset/stereo_adaptation/KITTI/2011_09_26/2011_09_26_drive_0056_sync/image_02/data/0000000064.jpg,/mnt/dataset/dataset/stereo_adaptation/KITTI/2011_09_26/2011_09_26_drive_0056_sync/image_03/data/0000000064.jpg,/mnt/dataset/dataset/stereo_adaptation/KITTI/2011_09_26/2011_09_26_drive_0056_sync/proj_disp/groundtruth/0000000064.png
/mnt/dataset/dataset/stereo_adaptation/KITTI/2011_09_26/2011_09_26_drive_0056_sync/image_02/data/0000000065.jpg,/mnt/dataset/dataset/stereo_adaptation/KITTI/2011_09_26/2011_09_26_drive_0056_sync/image_03/data/0000000065.jpg,/mnt/dataset/dataset/stereo_adaptation/KITTI/2011_09_26/2011_09_26_drive_0056_sync/proj_disp/groundtruth/0000000065.png
/mnt/dataset/dataset/stereo_adaptation/KITTI/2011_09_26/2011_09_26_drive_0056_sync/image_02/data/0000000066.jpg,/mnt/dataset/dataset/stereo_adaptation/KITTI/2011_09_26/2011_09_26_drive_0056_sync/image_03/data/0000000066.jpg,/mnt/dataset/dataset/stereo_adaptation/KITTI/2011_09_26/2011_09_26_drive_0056_sync/proj_disp/groundtruth/0000000066.png
/mnt/dataset/dataset/stereo_adaptation/KITTI/2011_09_26/2011_09_26_drive_0056_sync/image_02/data/0000000067.jpg,/mnt/dataset/dataset/stereo_adaptation/KITTI/2011_09_26/2011_09_26_drive_0056_sync/image_03/data/0000000067.jpg,/mnt/dataset/dataset/stereo_adaptation/KITTI/2011_09_26/2011_09_26_drive_0056_sync/proj_disp/groundtruth/0000000067.png
/mnt/dataset/dataset/stereo_adaptation/KITTI/2011_09_26/2011_09_26_drive_0056_sync/image_02/data/0000000068.jpg,/mnt/dataset/dataset/stereo_adaptation/KITTI/2011_09_26/2011_09_26_drive_0056_sync/image_03/data/0000000068.jpg,/mnt/dataset/dataset/stereo_adaptation/KITTI/2011_09_26/2011_09_26_drive_0056_sync/proj_disp/groundtruth/0000000068.png
/mnt/dataset/dataset/stereo_adaptation/KITTI/2011_09_26/2011_09_26_drive_0056_sync/image_02/data/0000000069.jpg,/mnt/dataset/dataset/stereo_adaptation/KITTI/2011_09_26/2011_09_26_drive_0056_sync/image_03/data/0000000069.jpg,/mnt/dataset/dataset/stereo_adaptation/KITTI/2011_09_26/2011_09_26_drive_0056_sync/proj_disp/groundtruth/0000000069.png
/mnt/dataset/dataset/stereo_adaptation/KITTI/2011_09_26/2011_09_26_drive_0056_sync/image_02/data/0000000070.jpg,/mnt/dataset/dataset/stereo_adaptation/KITTI/2011_09_26/2011_09_26_drive_0056_sync/image_03/data/0000000070.jpg,/mnt/dataset/dataset/stereo_adaptation/KITTI/2011_09_26/2011_09_26_drive_0056_sync/proj_disp/groundtruth/0000000070.png
/mnt/dataset/dataset/stereo_adaptation/KITTI/2011_09_26/2011_09_26_drive_0056_sync/image_02/data/0000000071.jpg,/mnt/dataset/dataset/stereo_adaptation/KITTI/2011_09_26/2011_09_26_drive_0056_sync/image_03/data/0000000071.jpg,/mnt/dataset/dataset/stereo_adaptation/KITTI/2011_09_26/2011_09_26_drive_0056_sync/proj_disp/groundtruth/0000000071.png
/mnt/dataset/dataset/stereo_adaptation/KITTI/2011_09_26/2011_09_26_drive_0056_sync/image_02/data/0000000072.jpg,/mnt/dataset/dataset/stereo_adaptation/KITTI/2011_09_26/2011_09_26_drive_0056_sync/image_03/data/0000000072.jpg,/mnt/dataset/dataset/stereo_adaptation/KITTI/2011_09_26/2011_09_26_drive_0056_sync/proj_disp/groundtruth/0000000072.png
/mnt/dataset/dataset/stereo_adaptation/KITTI/2011_09_26/2011_09_26_drive_0056_sync/image_02/data/0000000073.jpg,/mnt/dataset/dataset/stereo_adaptation/KITTI/2011_09_26/2011_09_26_drive_0056_sync/image_03/data/0000000073.jpg,/mnt/dataset/dataset/stereo_adaptation/KITTI/2011_09_26/2011_09_26_drive_0056_sync/proj_disp/groundtruth/0000000073.png
/mnt/dataset/dataset/stereo_adaptation/KITTI/2011_09_26/2011_09_26_drive_0056_sync/image_02/data/0000000074.jpg,/mnt/dataset/dataset/stereo_adaptation/KITTI/2011_09_26/2011_09_26_drive_0056_sync/image_03/data/0000000074.jpg,/mnt/dataset/dataset/stereo_adaptation/KITTI/2011_09_26/2011_09_26_drive_0056_sync/proj_disp/groundtruth/0000000074.png
/mnt/dataset/dataset/stereo_adaptation/KITTI/2011_09_26/2011_09_26_drive_0056_sync/image_02/data/0000000075.jpg,/mnt/dataset/dataset/stereo_adaptation/KITTI/2011_09_26/2011_09_26_drive_0056_sync/image_03/data/0000000075.jpg,/mnt/dataset/dataset/stereo_adaptation/KITTI/2011_09_26/2011_09_26_drive_0056_sync/proj_disp/groundtruth/0000000075.png
/mnt/dataset/dataset/stereo_adaptation/KITTI/2011_09_26/2011_09_26_drive_0056_sync/image_02/data/0000000076.jpg,/mnt/dataset/dataset/stereo_adaptation/KITTI/2011_09_26/2011_09_26_drive_0056_sync/image_03/data/0000000076.jpg,/mnt/dataset/dataset/stereo_adaptation/KITTI/2011_09_26/2011_09_26_drive_0056_sync/proj_disp/groundtruth/0000000076.png
/mnt/dataset/dataset/stereo_adaptation/KITTI/2011_09_26/2011_09_26_drive_0056_sync/image_02/data/0000000077.jpg,/mnt/dataset/dataset/stereo_adaptation/KITTI/2011_09_26/2011_09_26_drive_0056_sync/image_03/data/0000000077.jpg,/mnt/dataset/dataset/stereo_adaptation/KITTI/2011_09_26/2011_09_26_drive_0056_sync/proj_disp/groundtruth/0000000077.png
/mnt/dataset/dataset/stereo_adaptation/KITTI/2011_09_26/2011_09_26_drive_0056_sync/image_02/data/0000000078.jpg,/mnt/dataset/dataset/stereo_adaptation/KITTI/2011_09_26/2011_09_26_drive_0056_sync/image_03/data/0000000078.jpg,/mnt/dataset/dataset/stereo_adaptation/KITTI/2011_09_26/2011_09_26_drive_0056_sync/proj_disp/groundtruth/0000000078.png
/mnt/dataset/dataset/stereo_adaptation/KITTI/2011_09_26/2011_09_26_drive_0056_sync/image_02/data/0000000079.jpg,/mnt/dataset/dataset/stereo_adaptation/KITTI/2011_09_26/2011_09_26_drive_0056_sync/image_03/data/0000000079.jpg,/mnt/dataset/dataset/stereo_adaptation/KITTI/2011_09_26/2011_09_26_drive_0056_sync/proj_disp/groundtruth/0000000079.png
/mnt/dataset/dataset/stereo_adaptation/KITTI/2011_09_26/2011_09_26_drive_0056_sync/image_02/data/0000000080.jpg,/mnt/dataset/dataset/stereo_adaptation/KITTI/2011_09_26/2011_09_26_drive_0056_sync/image_03/data/0000000080.jpg,/mnt/dataset/dataset/stereo_adaptation/KITTI/2011_09_26/2011_09_26_drive_0056_sync/proj_disp/groundtruth/0000000080.png
/mnt/dataset/dataset/stereo_adaptation/KITTI/2011_09_26/2011_09_26_drive_0056_sync/image_02/data/0000000081.jpg,/mnt/dataset/dataset/stereo_adaptation/KITTI/2011_09_26/2011_09_26_drive_0056_sync/image_03/data/0000000081.jpg,/mnt/dataset/dataset/stereo_adaptation/KITTI/2011_09_26/2011_09_26_drive_0056_sync/proj_disp/groundtruth/0000000081.png
/mnt/dataset/dataset/stereo_adaptation/KITTI/2011_09_26/2011_09_26_drive_0056_sync/image_02/data/0000000082.jpg,/mnt/dataset/dataset/stereo_adaptation/KITTI/2011_09_26/2011_09_26_drive_0056_sync/image_03/data/0000000082.jpg,/mnt/dataset/dataset/stereo_adaptation/KITTI/2011_09_26/2011_09_26_drive_0056_sync/proj_disp/groundtruth/0000000082.png
/mnt/dataset/dataset/stereo_adaptation/KITTI/2011_09_26/2011_09_26_drive_0056_sync/image_02/data/0000000083.jpg,/mnt/dataset/dataset/stereo_adaptation/KITTI/2011_09_26/2011_09_26_drive_0056_sync/image_03/data/0000000083.jpg,/mnt/dataset/dataset/stereo_adaptation/KITTI/2011_09_26/2011_09_26_drive_0056_sync/proj_disp/groundtruth/0000000083.png
/mnt/dataset/dataset/stereo_adaptation/KITTI/2011_09_26/2011_09_26_drive_0056_sync/image_02/data/0000000084.jpg,/mnt/dataset/dataset/stereo_adaptation/KITTI/2011_09_26/2011_09_26_drive_0056_sync/image_03/data/0000000084.jpg,/mnt/dataset/dataset/stereo_adaptation/KITTI/2011_09_26/2011_09_26_drive_0056_sync/proj_disp/groundtruth/0000000084.png
/mnt/dataset/dataset/stereo_adaptation/KITTI/2011_09_26/2011_09_26_drive_0056_sync/image_02/data/0000000085.jpg,/mnt/dataset/dataset/stereo_adaptation/KITTI/2011_09_26/2011_09_26_drive_0056_sync/image_03/data/0000000085.jpg,/mnt/dataset/dataset/stereo_adaptation/KITTI/2011_09_26/2011_09_26_drive_0056_sync/proj_disp/groundtruth/0000000085.png
/mnt/dataset/dataset/stereo_adaptation/KITTI/2011_09_26/2011_09_26_drive_0056_sync/image_02/data/0000000086.jpg,/mnt/dataset/dataset/stereo_adaptation/KITTI/2011_09_26/2011_09_26_drive_0056_sync/image_03/data/0000000086.jpg,/mnt/dataset/dataset/stereo_adaptation/KITTI/2011_09_26/2011_09_26_drive_0056_sync/proj_disp/groundtruth/0000000086.png
/mnt/dataset/dataset/stereo_adaptation/KITTI/2011_09_26/2011_09_26_drive_0056_sync/image_02/data/0000000087.jpg,/mnt/dataset/dataset/stereo_adaptation/KITTI/2011_09_26/2011_09_26_drive_0056_sync/image_03/data/0000000087.jpg,/mnt/dataset/dataset/stereo_adaptation/KITTI/2011_09_26/2011_09_26_drive_0056_sync/proj_disp/groundtruth/0000000087.png
/mnt/dataset/dataset/stereo_adaptation/KITTI/2011_09_26/2011_09_26_drive_0056_sync/image_02/data/0000000088.jpg,/mnt/dataset/dataset/stereo_adaptation/KITTI/2011_09_26/2011_09_26_drive_0056_sync/image_03/data/0000000088.jpg,/mnt/dataset/dataset/stereo_adaptation/KITTI/2011_09_26/2011_09_26_drive_0056_sync/proj_disp/groundtruth/0000000088.png
/mnt/dataset/dataset/stereo_adaptation/KITTI/2011_09_26/2011_09_26_drive_0056_sync/image_02/data/0000000089.jpg,/mnt/dataset/dataset/stereo_adaptation/KITTI/2011_09_26/2011_09_26_drive_0056_sync/image_03/data/0000000089.jpg,/mnt/dataset/dataset/stereo_adaptation/KITTI/2011_09_26/2011_09_26_drive_0056_sync/proj_disp/groundtruth/0000000089.png
/mnt/dataset/dataset/stereo_adaptation/KITTI/2011_09_26/2011_09_26_drive_0056_sync/image_02/data/0000000090.jpg,/mnt/dataset/dataset/stereo_adaptation/KITTI/2011_09_26/2011_09_26_drive_0056_sync/image_03/data/0000000090.jpg,/mnt/dataset/dataset/stereo_adaptation/KITTI/2011_09_26/2011_09_26_drive_0056_sync/proj_disp/groundtruth/0000000090.png
/mnt/dataset/dataset/stereo_adaptation/KITTI/2011_09_26/2011_09_26_drive_0056_sync/image_02/data/0000000091.jpg,/mnt/dataset/dataset/stereo_adaptation/KITTI/2011_09_26/2011_09_26_drive_0056_sync/image_03/data/0000000091.jpg,/mnt/dataset/dataset/stereo_adaptation/KITTI/2011_09_26/2011_09_26_drive_0056_sync/proj_disp/groundtruth/0000000091.png
/mnt/dataset/dataset/stereo_adaptation/KITTI/2011_09_26/2011_09_26_drive_0056_sync/image_02/data/0000000092.jpg,/mnt/dataset/dataset/stereo_adaptation/KITTI/2011_09_26/2011_09_26_drive_0056_sync/image_03/data/0000000092.jpg,/mnt/dataset/dataset/stereo_adaptation/KITTI/2011_09_26/2011_09_26_drive_0056_sync/proj_disp/groundtruth/0000000092.png
/mnt/dataset/dataset/stereo_adaptation/KITTI/2011_09_26/2011_09_26_drive_0056_sync/image_02/data/0000000093.jpg,/mnt/dataset/dataset/stereo_adaptation/KITTI/2011_09_26/2011_09_26_drive_0056_sync/image_03/data/0000000093.jpg,/mnt/dataset/dataset/stereo_adaptation/KITTI/2011_09_26/2011_09_26_drive_0056_sync/proj_disp/groundtruth/0000000093.png
/mnt/dataset/dataset/stereo_adaptation/KITTI/2011_09_26/2011_09_26_drive_0056_sync/image_02/data/0000000094.jpg,/mnt/dataset/dataset/stereo_adaptation/KITTI/2011_09_26/2011_09_26_drive_0056_sync/image_03/data/0000000094.jpg,/mnt/dataset/dataset/stereo_adaptation/KITTI/2011_09_26/2011_09_26_drive_0056_sync/proj_disp/groundtruth/0000000094.png
/mnt/dataset/dataset/stereo_adaptation/KITTI/2011_09_26/2011_09_26_drive_0056_sync/image_02/data/0000000095.jpg,/mnt/dataset/dataset/stereo_adaptation/KITTI/2011_09_26/2011_09_26_drive_0056_sync/image_03/data/0000000095.jpg,/mnt/dataset/dataset/stereo_adaptation/KITTI/2011_09_26/2011_09_26_drive_0056_sync/proj_disp/groundtruth/0000000095.png
/mnt/dataset/dataset/stereo_adaptation/KITTI/2011_09_26/2011_09_26_drive_0056_sync/image_02/data/0000000096.jpg,/mnt/dataset/dataset/stereo_adaptation/KITTI/2011_09_26/2011_09_26_drive_0056_sync/image_03/data/0000000096.jpg,/mnt/dataset/dataset/stereo_adaptation/KITTI/2011_09_26/2011_09_26_drive_0056_sync/proj_disp/groundtruth/0000000096.png
/mnt/dataset/dataset/stereo_adaptation/KITTI/2011_09_26/2011_09_26_drive_0056_sync/image_02/data/0000000097.jpg,/mnt/dataset/dataset/stereo_adaptation/KITTI/2011_09_26/2011_09_26_drive_0056_sync/image_03/data/0000000097.jpg,/mnt/dataset/dataset/stereo_adaptation/KITTI/2011_09_26/2011_09_26_drive_0056_sync/proj_disp/groundtruth/0000000097.png
/mnt/dataset/dataset/stereo_adaptation/KITTI/2011_09_26/2011_09_26_drive_0056_sync/image_02/data/0000000098.jpg,/mnt/dataset/dataset/stereo_adaptation/KITTI/2011_09_26/2011_09_26_drive_0056_sync/image_03/data/0000000098.jpg,/mnt/dataset/dataset/stereo_adaptation/KITTI/2011_09_26/2011_09_26_drive_0056_sync/proj_disp/groundtruth/0000000098.png
/mnt/dataset/dataset/stereo_adaptation/KITTI/2011_09_26/2011_09_26_drive_0056_sync/image_02/data/0000000099.jpg,/mnt/dataset/dataset/stereo_adaptation/KITTI/2011_09_26/2011_09_26_drive_0056_sync/image_03/data/0000000099.jpg,/mnt/dataset/dataset/stereo_adaptation/KITTI/2011_09_26/2011_09_26_drive_0056_sync/proj_disp/groundtruth/0000000099.png
/mnt/dataset/dataset/stereo_adaptation/KITTI/2011_09_26/2011_09_26_drive_0056_sync/image_02/data/0000000100.jpg,/mnt/dataset/dataset/stereo_adaptation/KITTI/2011_09_26/2011_09_26_drive_0056_sync/image_03/data/0000000100.jpg,/mnt/dataset/dataset/stereo_adaptation/KITTI/2011_09_26/2011_09_26_drive_0056_sync/proj_disp/groundtruth/0000000100.png
/mnt/dataset/dataset/stereo_adaptation/KITTI/2011_09_26/2011_09_26_drive_0056_sync/image_02/data/0000000101.jpg,/mnt/dataset/dataset/stereo_adaptation/KITTI/2011_09_26/2011_09_26_drive_0056_sync/image_03/data/0000000101.jpg,/mnt/dataset/dataset/stereo_adaptation/KITTI/2011_09_26/2011_09_26_drive_0056_sync/proj_disp/groundtruth/0000000101.png
/mnt/dataset/dataset/stereo_adaptation/KITTI/2011_09_26/2011_09_26_drive_0056_sync/image_02/data/0000000102.jpg,/mnt/dataset/dataset/stereo_adaptation/KITTI/2011_09_26/2011_09_26_drive_0056_sync/image_03/data/0000000102.jpg,/mnt/dataset/dataset/stereo_adaptation/KITTI/2011_09_26/2011_09_26_drive_0056_sync/proj_disp/groundtruth/0000000102.png
/mnt/dataset/dataset/stereo_adaptation/KITTI/2011_09_26/2011_09_26_drive_0056_sync/image_02/data/0000000103.jpg,/mnt/dataset/dataset/stereo_adaptation/KITTI/2011_09_26/2011_09_26_drive_0056_sync/image_03/data/0000000103.jpg,/mnt/dataset/dataset/stereo_adaptation/KITTI/2011_09_26/2011_09_26_drive_0056_sync/proj_disp/groundtruth/0000000103.png
/mnt/dataset/dataset/stereo_adaptation/KITTI/2011_09_26/2011_09_26_drive_0056_sync/image_02/data/0000000104.jpg,/mnt/dataset/dataset/stereo_adaptation/KITTI/2011_09_26/2011_09_26_drive_0056_sync/image_03/data/0000000104.jpg,/mnt/dataset/dataset/stereo_adaptation/KITTI/2011_09_26/2011_09_26_drive_0056_sync/proj_disp/groundtruth/0000000104.png
/mnt/dataset/dataset/stereo_adaptation/KITTI/2011_09_26/2011_09_26_drive_0056_sync/image_02/data/0000000105.jpg,/mnt/dataset/dataset/stereo_adaptation/KITTI/2011_09_26/2011_09_26_drive_0056_sync/image_03/data/0000000105.jpg,/mnt/dataset/dataset/stereo_adaptation/KITTI/2011_09_26/2011_09_26_drive_0056_sync/proj_disp/groundtruth/0000000105.png
/mnt/dataset/dataset/stereo_adaptation/KITTI/2011_09_26/2011_09_26_drive_0056_sync/image_02/data/0000000106.jpg,/mnt/dataset/dataset/stereo_adaptation/KITTI/2011_09_26/2011_09_26_drive_0056_sync/image_03/data/0000000106.jpg,/mnt/dataset/dataset/stereo_adaptation/KITTI/2011_09_26/2011_09_26_drive_0056_sync/proj_disp/groundtruth/0000000106.png
/mnt/dataset/dataset/stereo_adaptation/KITTI/2011_09_26/2011_09_26_drive_0056_sync/image_02/data/0000000107.jpg,/mnt/dataset/dataset/stereo_adaptation/KITTI/2011_09_26/2011_09_26_drive_0056_sync/image_03/data/0000000107.jpg,/mnt/dataset/dataset/stereo_adaptation/KITTI/2011_09_26/2011_09_26_drive_0056_sync/proj_disp/groundtruth/0000000107.png
/mnt/dataset/dataset/stereo_adaptation/KITTI/2011_09_26/2011_09_26_drive_0056_sync/image_02/data/0000000108.jpg,/mnt/dataset/dataset/stereo_adaptation/KITTI/2011_09_26/2011_09_26_drive_0056_sync/image_03/data/0000000108.jpg,/mnt/dataset/dataset/stereo_adaptation/KITTI/2011_09_26/2011_09_26_drive_0056_sync/proj_disp/groundtruth/0000000108.png
/mnt/dataset/dataset/stereo_adaptation/KITTI/2011_09_26/2011_09_26_drive_0056_sync/image_02/data/0000000109.jpg,/mnt/dataset/dataset/stereo_adaptation/KITTI/2011_09_26/2011_09_26_drive_0056_sync/image_03/data/0000000109.jpg,/mnt/dataset/dataset/stereo_adaptation/KITTI/2011_09_26/2011_09_26_drive_0056_sync/proj_disp/groundtruth/0000000109.png
/mnt/dataset/dataset/stereo_adaptation/KITTI/2011_09_26/2011_09_26_drive_0056_sync/image_02/data/0000000110.jpg,/mnt/dataset/dataset/stereo_adaptation/KITTI/2011_09_26/2011_09_26_drive_0056_sync/image_03/data/0000000110.jpg,/mnt/dataset/dataset/stereo_adaptation/KITTI/2011_09_26/2011_09_26_drive_0056_sync/proj_disp/groundtruth/0000000110.png
/mnt/dataset/dataset/stereo_adaptation/KITTI/2011_09_26/2011_09_26_drive_0056_sync/image_02/data/0000000111.jpg,/mnt/dataset/dataset/stereo_adaptation/KITTI/2011_09_26/2011_09_26_drive_0056_sync/image_03/data/0000000111.jpg,/mnt/dataset/dataset/stereo_adaptation/KITTI/2011_09_26/2011_09_26_drive_0056_sync/proj_disp/groundtruth/0000000111.png
/mnt/dataset/dataset/stereo_adaptation/KITTI/2011_09_26/2011_09_26_drive_0056_sync/image_02/data/0000000112.jpg,/mnt/dataset/dataset/stereo_adaptation/KITTI/2011_09_26/2011_09_26_drive_0056_sync/image_03/data/0000000112.jpg,/mnt/dataset/dataset/stereo_adaptation/KITTI/2011_09_26/2011_09_26_drive_0056_sync/proj_disp/groundtruth/0000000112.png
/mnt/dataset/dataset/stereo_adaptation/KITTI/2011_09_26/2011_09_26_drive_0056_sync/image_02/data/0000000113.jpg,/mnt/dataset/dataset/stereo_adaptation/KITTI/2011_09_26/2011_09_26_drive_0056_sync/image_03/data/0000000113.jpg,/mnt/dataset/dataset/stereo_adaptation/KITTI/2011_09_26/2011_09_26_drive_0056_sync/proj_disp/groundtruth/0000000113.png
/mnt/dataset/dataset/stereo_adaptation/KITTI/2011_09_26/2011_09_26_drive_0056_sync/image_02/data/0000000114.jpg,/mnt/dataset/dataset/stereo_adaptation/KITTI/2011_09_26/2011_09_26_drive_0056_sync/image_03/data/0000000114.jpg,/mnt/dataset/dataset/stereo_adaptation/KITTI/2011_09_26/2011_09_26_drive_0056_sync/proj_disp/groundtruth/0000000114.png
/mnt/dataset/dataset/stereo_adaptation/KITTI/2011_09_26/2011_09_26_drive_0056_sync/image_02/data/0000000115.jpg,/mnt/dataset/dataset/stereo_adaptation/KITTI/2011_09_26/2011_09_26_drive_0056_sync/image_03/data/0000000115.jpg,/mnt/dataset/dataset/stereo_adaptation/KITTI/2011_09_26/2011_09_26_drive_0056_sync/proj_disp/groundtruth/0000000115.png
/mnt/dataset/dataset/stereo_adaptation/KITTI/2011_09_26/2011_09_26_drive_0056_sync/image_02/data/0000000116.jpg,/mnt/dataset/dataset/stereo_adaptation/KITTI/2011_09_26/2011_09_26_drive_0056_sync/image_03/data/0000000116.jpg,/mnt/dataset/dataset/stereo_adaptation/KITTI/2011_09_26/2011_09_26_drive_0056_sync/proj_disp/groundtruth/0000000116.png
/mnt/dataset/dataset/stereo_adaptation/KITTI/2011_09_26/2011_09_26_drive_0056_sync/image_02/data/0000000117.jpg,/mnt/dataset/dataset/stereo_adaptation/KITTI/2011_09_26/2011_09_26_drive_0056_sync/image_03/data/0000000117.jpg,/mnt/dataset/dataset/stereo_adaptation/KITTI/2011_09_26/2011_09_26_drive_0056_sync/proj_disp/groundtruth/0000000117.png
/mnt/dataset/dataset/stereo_adaptation/KITTI/2011_09_26/2011_09_26_drive_0056_sync/image_02/data/0000000118.jpg,/mnt/dataset/dataset/stereo_adaptation/KITTI/2011_09_26/2011_09_26_drive_0056_sync/image_03/data/0000000118.jpg,/mnt/dataset/dataset/stereo_adaptation/KITTI/2011_09_26/2011_09_26_drive_0056_sync/proj_disp/groundtruth/0000000118.png
/mnt/dataset/dataset/stereo_adaptation/KITTI/2011_09_26/2011_09_26_drive_0056_sync/image_02/data/0000000119.jpg,/mnt/dataset/dataset/stereo_adaptation/KITTI/2011_09_26/2011_09_26_drive_0056_sync/image_03/data/0000000119.jpg,/mnt/dataset/dataset/stereo_adaptation/KITTI/2011_09_26/2011_09_26_drive_0056_sync/proj_disp/groundtruth/0000000119.png
/mnt/dataset/dataset/stereo_adaptation/KITTI/2011_09_26/2011_09_26_drive_0056_sync/image_02/data/0000000120.jpg,/mnt/dataset/dataset/stereo_adaptation/KITTI/2011_09_26/2011_09_26_drive_0056_sync/image_03/data/0000000120.jpg,/mnt/dataset/dataset/stereo_adaptation/KITTI/2011_09_26/2011_09_26_drive_0056_sync/proj_disp/groundtruth/0000000120.png
/mnt/dataset/dataset/stereo_adaptation/KITTI/2011_09_26/2011_09_26_drive_0056_sync/image_02/data/0000000121.jpg,/mnt/dataset/dataset/stereo_adaptation/KITTI/2011_09_26/2011_09_26_drive_0056_sync/image_03/data/0000000121.jpg,/mnt/dataset/dataset/stereo_adaptation/KITTI/2011_09_26/2011_09_26_drive_0056_sync/proj_disp/groundtruth/0000000121.png
/mnt/dataset/dataset/stereo_adaptation/KITTI/2011_09_26/2011_09_26_drive_0056_sync/image_02/data/0000000122.jpg,/mnt/dataset/dataset/stereo_adaptation/KITTI/2011_09_26/2011_09_26_drive_0056_sync/image_03/data/0000000122.jpg,/mnt/dataset/dataset/stereo_adaptation/KITTI/2011_09_26/2011_09_26_drive_0056_sync/proj_disp/groundtruth/0000000122.png
/mnt/dataset/dataset/stereo_adaptation/KITTI/2011_09_26/2011_09_26_drive_0056_sync/image_02/data/0000000123.jpg,/mnt/dataset/dataset/stereo_adaptation/KITTI/2011_09_26/2011_09_26_drive_0056_sync/image_03/data/0000000123.jpg,/mnt/dataset/dataset/stereo_adaptation/KITTI/2011_09_26/2011_09_26_drive_0056_sync/proj_disp/groundtruth/0000000123.png
/mnt/dataset/dataset/stereo_adaptation/KITTI/2011_09_26/2011_09_26_drive_0056_sync/image_02/data/0000000124.jpg,/mnt/dataset/dataset/stereo_adaptation/KITTI/2011_09_26/2011_09_26_drive_0056_sync/image_03/data/0000000124.jpg,/mnt/dataset/dataset/stereo_adaptation/KITTI/2011_09_26/2011_09_26_drive_0056_sync/proj_disp/groundtruth/0000000124.png
/mnt/dataset/dataset/stereo_adaptation/KITTI/2011_09_26/2011_09_26_drive_0056_sync/image_02/data/0000000125.jpg,/mnt/dataset/dataset/stereo_adaptation/KITTI/2011_09_26/2011_09_26_drive_0056_sync/image_03/data/0000000125.jpg,/mnt/dataset/dataset/stereo_adaptation/KITTI/2011_09_26/2011_09_26_drive_0056_sync/proj_disp/groundtruth/0000000125.png
/mnt/dataset/dataset/stereo_adaptation/KITTI/2011_09_26/2011_09_26_drive_0056_sync/image_02/data/0000000126.jpg,/mnt/dataset/dataset/stereo_adaptation/KITTI/2011_09_26/2011_09_26_drive_0056_sync/image_03/data/0000000126.jpg,/mnt/dataset/dataset/stereo_adaptation/KITTI/2011_09_26/2011_09_26_drive_0056_sync/proj_disp/groundtruth/0000000126.png
/mnt/dataset/dataset/stereo_adaptation/KITTI/2011_09_26/2011_09_26_drive_0056_sync/image_02/data/0000000127.jpg,/mnt/dataset/dataset/stereo_adaptation/KITTI/2011_09_26/2011_09_26_drive_0056_sync/image_03/data/0000000127.jpg,/mnt/dataset/dataset/stereo_adaptation/KITTI/2011_09_26/2011_09_26_drive_0056_sync/proj_disp/groundtruth/0000000127.png
/mnt/dataset/dataset/stereo_adaptation/KITTI/2011_09_26/2011_09_26_drive_0056_sync/image_02/data/0000000128.jpg,/mnt/dataset/dataset/stereo_adaptation/KITTI/2011_09_26/2011_09_26_drive_0056_sync/image_03/data/0000000128.jpg,/mnt/dataset/dataset/stereo_adaptation/KITTI/2011_09_26/2011_09_26_drive_0056_sync/proj_disp/groundtruth/0000000128.png
/mnt/dataset/dataset/stereo_adaptation/KITTI/2011_09_26/2011_09_26_drive_0056_sync/image_02/data/0000000129.jpg,/mnt/dataset/dataset/stereo_adaptation/KITTI/2011_09_26/2011_09_26_drive_0056_sync/image_03/data/0000000129.jpg,/mnt/dataset/dataset/stereo_adaptation/KITTI/2011_09_26/2011_09_26_drive_0056_sync/proj_disp/groundtruth/0000000129.png
/mnt/dataset/dataset/stereo_adaptation/KITTI/2011_09_26/2011_09_26_drive_0056_sync/image_02/data/0000000130.jpg,/mnt/dataset/dataset/stereo_adaptation/KITTI/2011_09_26/2011_09_26_drive_0056_sync/image_03/data/0000000130.jpg,/mnt/dataset/dataset/stereo_adaptation/KITTI/2011_09_26/2011_09_26_drive_0056_sync/proj_disp/groundtruth/0000000130.png
/mnt/dataset/dataset/stereo_adaptation/KITTI/2011_09_26/2011_09_26_drive_0056_sync/image_02/data/0000000131.jpg,/mnt/dataset/dataset/stereo_adaptation/KITTI/2011_09_26/2011_09_26_drive_0056_sync/image_03/data/0000000131.jpg,/mnt/dataset/dataset/stereo_adaptation/KITTI/2011_09_26/2011_09_26_drive_0056_sync/proj_disp/groundtruth/0000000131.png
/mnt/dataset/dataset/stereo_adaptation/KITTI/2011_09_26/2011_09_26_drive_0056_sync/image_02/data/0000000132.jpg,/mnt/dataset/dataset/stereo_adaptation/KITTI/2011_09_26/2011_09_26_drive_0056_sync/image_03/data/0000000132.jpg,/mnt/dataset/dataset/stereo_adaptation/KITTI/2011_09_26/2011_09_26_drive_0056_sync/proj_disp/groundtruth/0000000132.png
/mnt/dataset/dataset/stereo_adaptation/KITTI/2011_09_26/2011_09_26_drive_0056_sync/image_02/data/0000000133.jpg,/mnt/dataset/dataset/stereo_adaptation/KITTI/2011_09_26/2011_09_26_drive_0056_sync/image_03/data/0000000133.jpg,/mnt/dataset/dataset/stereo_adaptation/KITTI/2011_09_26/2011_09_26_drive_0056_sync/proj_disp/groundtruth/0000000133.png
/mnt/dataset/dataset/stereo_adaptation/KITTI/2011_09_26/2011_09_26_drive_0056_sync/image_02/data/0000000134.jpg,/mnt/dataset/dataset/stereo_adaptation/KITTI/2011_09_26/2011_09_26_drive_0056_sync/image_03/data/0000000134.jpg,/mnt/dataset/dataset/stereo_adaptation/KITTI/2011_09_26/2011_09_26_drive_0056_sync/proj_disp/groundtruth/0000000134.png
/mnt/dataset/dataset/stereo_adaptation/KITTI/2011_09_26/2011_09_26_drive_0056_sync/image_02/data/0000000135.jpg,/mnt/dataset/dataset/stereo_adaptation/KITTI/2011_09_26/2011_09_26_drive_0056_sync/image_03/data/0000000135.jpg,/mnt/dataset/dataset/stereo_adaptation/KITTI/2011_09_26/2011_09_26_drive_0056_sync/proj_disp/groundtruth/0000000135.png
/mnt/dataset/dataset/stereo_adaptation/KITTI/2011_09_26/2011_09_26_drive_0056_sync/image_02/data/0000000136.jpg,/mnt/dataset/dataset/stereo_adaptation/KITTI/2011_09_26/2011_09_26_drive_0056_sync/image_03/data/0000000136.jpg,/mnt/dataset/dataset/stereo_adaptation/KITTI/2011_09_26/2011_09_26_drive_0056_sync/proj_disp/groundtruth/0000000136.png
/mnt/dataset/dataset/stereo_adaptation/KITTI/2011_09_26/2011_09_26_drive_0056_sync/image_02/data/0000000137.jpg,/mnt/dataset/dataset/stereo_adaptation/KITTI/2011_09_26/2011_09_26_drive_0056_sync/image_03/data/0000000137.jpg,/mnt/dataset/dataset/stereo_adaptation/KITTI/2011_09_26/2011_09_26_drive_0056_sync/proj_disp/groundtruth/0000000137.png
/mnt/dataset/dataset/stereo_adaptation/KITTI/2011_09_26/2011_09_26_drive_0056_sync/image_02/data/0000000138.jpg,/mnt/dataset/dataset/stereo_adaptation/KITTI/2011_09_26/2011_09_26_drive_0056_sync/image_03/data/0000000138.jpg,/mnt/dataset/dataset/stereo_adaptation/KITTI/2011_09_26/2011_09_26_drive_0056_sync/proj_disp/groundtruth/0000000138.png
/mnt/dataset/dataset/stereo_adaptation/KITTI/2011_09_26/2011_09_26_drive_0056_sync/image_02/data/0000000139.jpg,/mnt/dataset/dataset/stereo_adaptation/KITTI/2011_09_26/2011_09_26_drive_0056_sync/image_03/data/0000000139.jpg,/mnt/dataset/dataset/stereo_adaptation/KITTI/2011_09_26/2011_09_26_drive_0056_sync/proj_disp/groundtruth/0000000139.png
/mnt/dataset/dataset/stereo_adaptation/KITTI/2011_09_26/2011_09_26_drive_0056_sync/image_02/data/0000000140.jpg,/mnt/dataset/dataset/stereo_adaptation/KITTI/2011_09_26/2011_09_26_drive_0056_sync/image_03/data/0000000140.jpg,/mnt/dataset/dataset/stereo_adaptation/KITTI/2011_09_26/2011_09_26_drive_0056_sync/proj_disp/groundtruth/0000000140.png
/mnt/dataset/dataset/stereo_adaptation/KITTI/2011_09_26/2011_09_26_drive_0056_sync/image_02/data/0000000141.jpg,/mnt/dataset/dataset/stereo_adaptation/KITTI/2011_09_26/2011_09_26_drive_0056_sync/image_03/data/0000000141.jpg,/mnt/dataset/dataset/stereo_adaptation/KITTI/2011_09_26/2011_09_26_drive_0056_sync/proj_disp/groundtruth/0000000141.png
/mnt/dataset/dataset/stereo_adaptation/KITTI/2011_09_26/2011_09_26_drive_0056_sync/image_02/data/0000000142.jpg,/mnt/dataset/dataset/stereo_adaptation/KITTI/2011_09_26/2011_09_26_drive_0056_sync/image_03/data/0000000142.jpg,/mnt/dataset/dataset/stereo_adaptation/KITTI/2011_09_26/2011_09_26_drive_0056_sync/proj_disp/groundtruth/0000000142.png
/mnt/dataset/dataset/stereo_adaptation/KITTI/2011_09_26/2011_09_26_drive_0056_sync/image_02/data/0000000143.jpg,/mnt/dataset/dataset/stereo_adaptation/KITTI/2011_09_26/2011_09_26_drive_0056_sync/image_03/data/0000000143.jpg,/mnt/dataset/dataset/stereo_adaptation/KITTI/2011_09_26/2011_09_26_drive_0056_sync/proj_disp/groundtruth/0000000143.png
/mnt/dataset/dataset/stereo_adaptation/KITTI/2011_09_26/2011_09_26_drive_0056_sync/image_02/data/0000000144.jpg,/mnt/dataset/dataset/stereo_adaptation/KITTI/2011_09_26/2011_09_26_drive_0056_sync/image_03/data/0000000144.jpg,/mnt/dataset/dataset/stereo_adaptation/KITTI/2011_09_26/2011_09_26_drive_0056_sync/proj_disp/groundtruth/0000000144.png
/mnt/dataset/dataset/stereo_adaptation/KITTI/2011_09_26/2011_09_26_drive_0056_sync/image_02/data/0000000145.jpg,/mnt/dataset/dataset/stereo_adaptation/KITTI/2011_09_26/2011_09_26_drive_0056_sync/image_03/data/0000000145.jpg,/mnt/dataset/dataset/stereo_adaptation/KITTI/2011_09_26/2011_09_26_drive_0056_sync/proj_disp/groundtruth/0000000145.png
/mnt/dataset/dataset/stereo_adaptation/KITTI/2011_09_26/2011_09_26_drive_0056_sync/image_02/data/0000000146.jpg,/mnt/dataset/dataset/stereo_adaptation/KITTI/2011_09_26/2011_09_26_drive_0056_sync/image_03/data/0000000146.jpg,/mnt/dataset/dataset/stereo_adaptation/KITTI/2011_09_26/2011_09_26_drive_0056_sync/proj_disp/groundtruth/0000000146.png
/mnt/dataset/dataset/stereo_adaptation/KITTI/2011_09_26/2011_09_26_drive_0056_sync/image_02/data/0000000147.jpg,/mnt/dataset/dataset/stereo_adaptation/KITTI/2011_09_26/2011_09_26_drive_0056_sync/image_03/data/0000000147.jpg,/mnt/dataset/dataset/stereo_adaptation/KITTI/2011_09_26/2011_09_26_drive_0056_sync/proj_disp/groundtruth/0000000147.png
/mnt/dataset/dataset/stereo_adaptation/KITTI/2011_09_26/2011_09_26_drive_0056_sync/image_02/data/0000000148.jpg,/mnt/dataset/dataset/stereo_adaptation/KITTI/2011_09_26/2011_09_26_drive_0056_sync/image_03/data/0000000148.jpg,/mnt/dataset/dataset/stereo_adaptation/KITTI/2011_09_26/2011_09_26_drive_0056_sync/proj_disp/groundtruth/0000000148.png
/mnt/dataset/dataset/stereo_adaptation/KITTI/2011_09_26/2011_09_26_drive_0056_sync/image_02/data/0000000149.jpg,/mnt/dataset/dataset/stereo_adaptation/KITTI/2011_09_26/2011_09_26_drive_0056_sync/image_03/data/0000000149.jpg,/mnt/dataset/dataset/stereo_adaptation/KITTI/2011_09_26/2011_09_26_drive_0056_sync/proj_disp/groundtruth/0000000149.png
/mnt/dataset/dataset/stereo_adaptation/KITTI/2011_09_26/2011_09_26_drive_0056_sync/image_02/data/0000000150.jpg,/mnt/dataset/dataset/stereo_adaptation/KITTI/2011_09_26/2011_09_26_drive_0056_sync/image_03/data/0000000150.jpg,/mnt/dataset/dataset/stereo_adaptation/KITTI/2011_09_26/2011_09_26_drive_0056_sync/proj_disp/groundtruth/0000000150.png
/mnt/dataset/dataset/stereo_adaptation/KITTI/2011_09_26/2011_09_26_drive_0056_sync/image_02/data/0000000151.jpg,/mnt/dataset/dataset/stereo_adaptation/KITTI/2011_09_26/2011_09_26_drive_0056_sync/image_03/data/0000000151.jpg,/mnt/dataset/dataset/stereo_adaptation/KITTI/2011_09_26/2011_09_26_drive_0056_sync/proj_disp/groundtruth/0000000151.png
/mnt/dataset/dataset/stereo_adaptation/KITTI/2011_09_26/2011_09_26_drive_0056_sync/image_02/data/0000000152.jpg,/mnt/dataset/dataset/stereo_adaptation/KITTI/2011_09_26/2011_09_26_drive_0056_sync/image_03/data/0000000152.jpg,/mnt/dataset/dataset/stereo_adaptation/KITTI/2011_09_26/2011_09_26_drive_0056_sync/proj_disp/groundtruth/0000000152.png
/mnt/dataset/dataset/stereo_adaptation/KITTI/2011_09_26/2011_09_26_drive_0056_sync/image_02/data/0000000153.jpg,/mnt/dataset/dataset/stereo_adaptation/KITTI/2011_09_26/2011_09_26_drive_0056_sync/image_03/data/0000000153.jpg,/mnt/dataset/dataset/stereo_adaptation/KITTI/2011_09_26/2011_09_26_drive_0056_sync/proj_disp/groundtruth/0000000153.png
/mnt/dataset/dataset/stereo_adaptation/KITTI/2011_09_26/2011_09_26_drive_0056_sync/image_02/data/0000000154.jpg,/mnt/dataset/dataset/stereo_adaptation/KITTI/2011_09_26/2011_09_26_drive_0056_sync/image_03/data/0000000154.jpg,/mnt/dataset/dataset/stereo_adaptation/KITTI/2011_09_26/2011_09_26_drive_0056_sync/proj_disp/groundtruth/0000000154.png
/mnt/dataset/dataset/stereo_adaptation/KITTI/2011_09_26/2011_09_26_drive_0056_sync/image_02/data/0000000155.jpg,/mnt/dataset/dataset/stereo_adaptation/KITTI/2011_09_26/2011_09_26_drive_0056_sync/image_03/data/0000000155.jpg,/mnt/dataset/dataset/stereo_adaptation/KITTI/2011_09_26/2011_09_26_drive_0056_sync/proj_disp/groundtruth/0000000155.png
/mnt/dataset/dataset/stereo_adaptation/KITTI/2011_09_26/2011_09_26_drive_0056_sync/image_02/data/0000000156.jpg,/mnt/dataset/dataset/stereo_adaptation/KITTI/2011_09_26/2011_09_26_drive_0056_sync/image_03/data/0000000156.jpg,/mnt/dataset/dataset/stereo_adaptation/KITTI/2011_09_26/2011_09_26_drive_0056_sync/proj_disp/groundtruth/0000000156.png
/mnt/dataset/dataset/stereo_adaptation/KITTI/2011_09_26/2011_09_26_drive_0056_sync/image_02/data/0000000157.jpg,/mnt/dataset/dataset/stereo_adaptation/KITTI/2011_09_26/2011_09_26_drive_0056_sync/image_03/data/0000000157.jpg,/mnt/dataset/dataset/stereo_adaptation/KITTI/2011_09_26/2011_09_26_drive_0056_sync/proj_disp/groundtruth/0000000157.png
/mnt/dataset/dataset/stereo_adaptation/KITTI/2011_09_26/2011_09_26_drive_0056_sync/image_02/data/0000000158.jpg,/mnt/dataset/dataset/stereo_adaptation/KITTI/2011_09_26/2011_09_26_drive_0056_sync/image_03/data/0000000158.jpg,/mnt/dataset/dataset/stereo_adaptation/KITTI/2011_09_26/2011_09_26_drive_0056_sync/proj_disp/groundtruth/0000000158.png
/mnt/dataset/dataset/stereo_adaptation/KITTI/2011_09_26/2011_09_26_drive_0056_sync/image_02/data/0000000159.jpg,/mnt/dataset/dataset/stereo_adaptation/KITTI/2011_09_26/2011_09_26_drive_0056_sync/image_03/data/0000000159.jpg,/mnt/dataset/dataset/stereo_adaptation/KITTI/2011_09_26/2011_09_26_drive_0056_sync/proj_disp/groundtruth/0000000159.png
/mnt/dataset/dataset/stereo_adaptation/KITTI/2011_09_26/2011_09_26_drive_0056_sync/image_02/data/0000000160.jpg,/mnt/dataset/dataset/stereo_adaptation/KITTI/2011_09_26/2011_09_26_drive_0056_sync/image_03/data/0000000160.jpg,/mnt/dataset/dataset/stereo_adaptation/KITTI/2011_09_26/2011_09_26_drive_0056_sync/proj_disp/groundtruth/0000000160.png
/mnt/dataset/dataset/stereo_adaptation/KITTI/2011_09_26/2011_09_26_drive_0056_sync/image_02/data/0000000161.jpg,/mnt/dataset/dataset/stereo_adaptation/KITTI/2011_09_26/2011_09_26_drive_0056_sync/image_03/data/0000000161.jpg,/mnt/dataset/dataset/stereo_adaptation/KITTI/2011_09_26/2011_09_26_drive_0056_sync/proj_disp/groundtruth/0000000161.png
/mnt/dataset/dataset/stereo_adaptation/KITTI/2011_09_26/2011_09_26_drive_0056_sync/image_02/data/0000000162.jpg,/mnt/dataset/dataset/stereo_adaptation/KITTI/2011_09_26/2011_09_26_drive_0056_sync/image_03/data/0000000162.jpg,/mnt/dataset/dataset/stereo_adaptation/KITTI/2011_09_26/2011_09_26_drive_0056_sync/proj_disp/groundtruth/0000000162.png
/mnt/dataset/dataset/stereo_adaptation/KITTI/2011_09_26/2011_09_26_drive_0056_sync/image_02/data/0000000163.jpg,/mnt/dataset/dataset/stereo_adaptation/KITTI/2011_09_26/2011_09_26_drive_0056_sync/image_03/data/0000000163.jpg,/mnt/dataset/dataset/stereo_adaptation/KITTI/2011_09_26/2011_09_26_drive_0056_sync/proj_disp/groundtruth/0000000163.png
/mnt/dataset/dataset/stereo_adaptation/KITTI/2011_09_26/2011_09_26_drive_0056_sync/image_02/data/0000000164.jpg,/mnt/dataset/dataset/stereo_adaptation/KITTI/2011_09_26/2011_09_26_drive_0056_sync/image_03/data/0000000164.jpg,/mnt/dataset/dataset/stereo_adaptation/KITTI/2011_09_26/2011_09_26_drive_0056_sync/proj_disp/groundtruth/0000000164.png
/mnt/dataset/dataset/stereo_adaptation/KITTI/2011_09_26/2011_09_26_drive_0056_sync/image_02/data/0000000165.jpg,/mnt/dataset/dataset/stereo_adaptation/KITTI/2011_09_26/2011_09_26_drive_0056_sync/image_03/data/0000000165.jpg,/mnt/dataset/dataset/stereo_adaptation/KITTI/2011_09_26/2011_09_26_drive_0056_sync/proj_disp/groundtruth/0000000165.png
/mnt/dataset/dataset/stereo_adaptation/KITTI/2011_09_26/2011_09_26_drive_0056_sync/image_02/data/0000000166.jpg,/mnt/dataset/dataset/stereo_adaptation/KITTI/2011_09_26/2011_09_26_drive_0056_sync/image_03/data/0000000166.jpg,/mnt/dataset/dataset/stereo_adaptation/KITTI/2011_09_26/2011_09_26_drive_0056_sync/proj_disp/groundtruth/0000000166.png
/mnt/dataset/dataset/stereo_adaptation/KITTI/2011_09_26/2011_09_26_drive_0056_sync/image_02/data/0000000167.jpg,/mnt/dataset/dataset/stereo_adaptation/KITTI/2011_09_26/2011_09_26_drive_0056_sync/image_03/data/0000000167.jpg,/mnt/dataset/dataset/stereo_adaptation/KITTI/2011_09_26/2011_09_26_drive_0056_sync/proj_disp/groundtruth/0000000167.png
/mnt/dataset/dataset/stereo_adaptation/KITTI/2011_09_26/2011_09_26_drive_0056_sync/image_02/data/0000000168.jpg,/mnt/dataset/dataset/stereo_adaptation/KITTI/2011_09_26/2011_09_26_drive_0056_sync/image_03/data/0000000168.jpg,/mnt/dataset/dataset/stereo_adaptation/KITTI/2011_09_26/2011_09_26_drive_0056_sync/proj_disp/groundtruth/0000000168.png
/mnt/dataset/dataset/stereo_adaptation/KITTI/2011_09_26/2011_09_26_drive_0056_sync/image_02/data/0000000169.jpg,/mnt/dataset/dataset/stereo_adaptation/KITTI/2011_09_26/2011_09_26_drive_0056_sync/image_03/data/0000000169.jpg,/mnt/dataset/dataset/stereo_adaptation/KITTI/2011_09_26/2011_09_26_drive_0056_sync/proj_disp/groundtruth/0000000169.png
/mnt/dataset/dataset/stereo_adaptation/KITTI/2011_09_26/2011_09_26_drive_0056_sync/image_02/data/0000000170.jpg,/mnt/dataset/dataset/stereo_adaptation/KITTI/2011_09_26/2011_09_26_drive_0056_sync/image_03/data/0000000170.jpg,/mnt/dataset/dataset/stereo_adaptation/KITTI/2011_09_26/2011_09_26_drive_0056_sync/proj_disp/groundtruth/0000000170.png
/mnt/dataset/dataset/stereo_adaptation/KITTI/2011_09_26/2011_09_26_drive_0056_sync/image_02/data/0000000171.jpg,/mnt/dataset/dataset/stereo_adaptation/KITTI/2011_09_26/2011_09_26_drive_0056_sync/image_03/data/0000000171.jpg,/mnt/dataset/dataset/stereo_adaptation/KITTI/2011_09_26/2011_09_26_drive_0056_sync/proj_disp/groundtruth/0000000171.png
/mnt/dataset/dataset/stereo_adaptation/KITTI/2011_09_26/2011_09_26_drive_0056_sync/image_02/data/0000000172.jpg,/mnt/dataset/dataset/stereo_adaptation/KITTI/2011_09_26/2011_09_26_drive_0056_sync/image_03/data/0000000172.jpg,/mnt/dataset/dataset/stereo_adaptation/KITTI/2011_09_26/2011_09_26_drive_0056_sync/proj_disp/groundtruth/0000000172.png
/mnt/dataset/dataset/stereo_adaptation/KITTI/2011_09_26/2011_09_26_drive_0056_sync/image_02/data/0000000173.jpg,/mnt/dataset/dataset/stereo_adaptation/KITTI/2011_09_26/2011_09_26_drive_0056_sync/image_03/data/0000000173.jpg,/mnt/dataset/dataset/stereo_adaptation/KITTI/2011_09_26/2011_09_26_drive_0056_sync/proj_disp/groundtruth/0000000173.png
/mnt/dataset/dataset/stereo_adaptation/KITTI/2011_09_26/2011_09_26_drive_0056_sync/image_02/data/0000000174.jpg,/mnt/dataset/dataset/stereo_adaptation/KITTI/2011_09_26/2011_09_26_drive_0056_sync/image_03/data/0000000174.jpg,/mnt/dataset/dataset/stereo_adaptation/KITTI/2011_09_26/2011_09_26_drive_0056_sync/proj_disp/groundtruth/0000000174.png
/mnt/dataset/dataset/stereo_adaptation/KITTI/2011_09_26/2011_09_26_drive_0056_sync/image_02/data/0000000175.jpg,/mnt/dataset/dataset/stereo_adaptation/KITTI/2011_09_26/2011_09_26_drive_0056_sync/image_03/data/0000000175.jpg,/mnt/dataset/dataset/stereo_adaptation/KITTI/2011_09_26/2011_09_26_drive_0056_sync/proj_disp/groundtruth/0000000175.png
/mnt/dataset/dataset/stereo_adaptation/KITTI/2011_09_26/2011_09_26_drive_0056_sync/image_02/data/0000000176.jpg,/mnt/dataset/dataset/stereo_adaptation/KITTI/2011_09_26/2011_09_26_drive_0056_sync/image_03/data/0000000176.jpg,/mnt/dataset/dataset/stereo_adaptation/KITTI/2011_09_26/2011_09_26_drive_0056_sync/proj_disp/groundtruth/0000000176.png
/mnt/dataset/dataset/stereo_adaptation/KITTI/2011_09_26/2011_09_26_drive_0056_sync/image_02/data/0000000177.jpg,/mnt/dataset/dataset/stereo_adaptation/KITTI/2011_09_26/2011_09_26_drive_0056_sync/image_03/data/0000000177.jpg,/mnt/dataset/dataset/stereo_adaptation/KITTI/2011_09_26/2011_09_26_drive_0056_sync/proj_disp/groundtruth/0000000177.png
/mnt/dataset/dataset/stereo_adaptation/KITTI/2011_09_26/2011_09_26_drive_0056_sync/image_02/data/0000000178.jpg,/mnt/dataset/dataset/stereo_adaptation/KITTI/2011_09_26/2011_09_26_drive_0056_sync/image_03/data/0000000178.jpg,/mnt/dataset/dataset/stereo_adaptation/KITTI/2011_09_26/2011_09_26_drive_0056_sync/proj_disp/groundtruth/0000000178.png
/mnt/dataset/dataset/stereo_adaptation/KITTI/2011_09_26/2011_09_26_drive_0056_sync/image_02/data/0000000179.jpg,/mnt/dataset/dataset/stereo_adaptation/KITTI/2011_09_26/2011_09_26_drive_0056_sync/image_03/data/0000000179.jpg,/mnt/dataset/dataset/stereo_adaptation/KITTI/2011_09_26/2011_09_26_drive_0056_sync/proj_disp/groundtruth/0000000179.png
/mnt/dataset/dataset/stereo_adaptation/KITTI/2011_09_26/2011_09_26_drive_0056_sync/image_02/data/0000000180.jpg,/mnt/dataset/dataset/stereo_adaptation/KITTI/2011_09_26/2011_09_26_drive_0056_sync/image_03/data/0000000180.jpg,/mnt/dataset/dataset/stereo_adaptation/KITTI/2011_09_26/2011_09_26_drive_0056_sync/proj_disp/groundtruth/0000000180.png
/mnt/dataset/dataset/stereo_adaptation/KITTI/2011_09_26/2011_09_26_drive_0056_sync/image_02/data/0000000181.jpg,/mnt/dataset/dataset/stereo_adaptation/KITTI/2011_09_26/2011_09_26_drive_0056_sync/image_03/data/0000000181.jpg,/mnt/dataset/dataset/stereo_adaptation/KITTI/2011_09_26/2011_09_26_drive_0056_sync/proj_disp/groundtruth/0000000181.png
/mnt/dataset/dataset/stereo_adaptation/KITTI/2011_09_26/2011_09_26_drive_0056_sync/image_02/data/0000000182.jpg,/mnt/dataset/dataset/stereo_adaptation/KITTI/2011_09_26/2011_09_26_drive_0056_sync/image_03/data/0000000182.jpg,/mnt/dataset/dataset/stereo_adaptation/KITTI/2011_09_26/2011_09_26_drive_0056_sync/proj_disp/groundtruth/0000000182.png
/mnt/dataset/dataset/stereo_adaptation/KITTI/2011_09_26/2011_09_26_drive_0056_sync/image_02/data/0000000183.jpg,/mnt/dataset/dataset/stereo_adaptation/KITTI/2011_09_26/2011_09_26_drive_0056_sync/image_03/data/0000000183.jpg,/mnt/dataset/dataset/stereo_adaptation/KITTI/2011_09_26/2011_09_26_drive_0056_sync/proj_disp/groundtruth/0000000183.png
/mnt/dataset/dataset/stereo_adaptation/KITTI/2011_09_26/2011_09_26_drive_0056_sync/image_02/data/0000000184.jpg,/mnt/dataset/dataset/stereo_adaptation/KITTI/2011_09_26/2011_09_26_drive_0056_sync/image_03/data/0000000184.jpg,/mnt/dataset/dataset/stereo_adaptation/KITTI/2011_09_26/2011_09_26_drive_0056_sync/proj_disp/groundtruth/0000000184.png
/mnt/dataset/dataset/stereo_adaptation/KITTI/2011_09_26/2011_09_26_drive_0056_sync/image_02/data/0000000185.jpg,/mnt/dataset/dataset/stereo_adaptation/KITTI/2011_09_26/2011_09_26_drive_0056_sync/image_03/data/0000000185.jpg,/mnt/dataset/dataset/stereo_adaptation/KITTI/2011_09_26/2011_09_26_drive_0056_sync/proj_disp/groundtruth/0000000185.png
/mnt/dataset/dataset/stereo_adaptation/KITTI/2011_09_26/2011_09_26_drive_0056_sync/image_02/data/0000000186.jpg,/mnt/dataset/dataset/stereo_adaptation/KITTI/2011_09_26/2011_09_26_drive_0056_sync/image_03/data/0000000186.jpg,/mnt/dataset/dataset/stereo_adaptation/KITTI/2011_09_26/2011_09_26_drive_0056_sync/proj_disp/groundtruth/0000000186.png
/mnt/dataset/dataset/stereo_adaptation/KITTI/2011_09_26/2011_09_26_drive_0056_sync/image_02/data/0000000187.jpg,/mnt/dataset/dataset/stereo_adaptation/KITTI/2011_09_26/2011_09_26_drive_0056_sync/image_03/data/0000000187.jpg,/mnt/dataset/dataset/stereo_adaptation/KITTI/2011_09_26/2011_09_26_drive_0056_sync/proj_disp/groundtruth/0000000187.png
/mnt/dataset/dataset/stereo_adaptation/KITTI/2011_09_26/2011_09_26_drive_0056_sync/image_02/data/0000000188.jpg,/mnt/dataset/dataset/stereo_adaptation/KITTI/2011_09_26/2011_09_26_drive_0056_sync/image_03/data/0000000188.jpg,/mnt/dataset/dataset/stereo_adaptation/KITTI/2011_09_26/2011_09_26_drive_0056_sync/proj_disp/groundtruth/0000000188.png
/mnt/dataset/dataset/stereo_adaptation/KITTI/2011_09_26/2011_09_26_drive_0056_sync/image_02/data/0000000189.jpg,/mnt/dataset/dataset/stereo_adaptation/KITTI/2011_09_26/2011_09_26_drive_0056_sync/image_03/data/0000000189.jpg,/mnt/dataset/dataset/stereo_adaptation/KITTI/2011_09_26/2011_09_26_drive_0056_sync/proj_disp/groundtruth/0000000189.png
/mnt/dataset/dataset/stereo_adaptation/KITTI/2011_09_26/2011_09_26_drive_0056_sync/image_02/data/0000000190.jpg,/mnt/dataset/dataset/stereo_adaptation/KITTI/2011_09_26/2011_09_26_drive_0056_sync/image_03/data/0000000190.jpg,/mnt/dataset/dataset/stereo_adaptation/KITTI/2011_09_26/2011_09_26_drive_0056_sync/proj_disp/groundtruth/0000000190.png
/mnt/dataset/dataset/stereo_adaptation/KITTI/2011_09_26/2011_09_26_drive_0056_sync/image_02/data/0000000191.jpg,/mnt/dataset/dataset/stereo_adaptation/KITTI/2011_09_26/2011_09_26_drive_0056_sync/image_03/data/0000000191.jpg,/mnt/dataset/dataset/stereo_adaptation/KITTI/2011_09_26/2011_09_26_drive_0056_sync/proj_disp/groundtruth/0000000191.png
/mnt/dataset/dataset/stereo_adaptation/KITTI/2011_09_26/2011_09_26_drive_0056_sync/image_02/data/0000000192.jpg,/mnt/dataset/dataset/stereo_adaptation/KITTI/2011_09_26/2011_09_26_drive_0056_sync/image_03/data/0000000192.jpg,/mnt/dataset/dataset/stereo_adaptation/KITTI/2011_09_26/2011_09_26_drive_0056_sync/proj_disp/groundtruth/0000000192.png
/mnt/dataset/dataset/stereo_adaptation/KITTI/2011_09_26/2011_09_26_drive_0056_sync/image_02/data/0000000193.jpg,/mnt/dataset/dataset/stereo_adaptation/KITTI/2011_09_26/2011_09_26_drive_0056_sync/image_03/data/0000000193.jpg,/mnt/dataset/dataset/stereo_adaptation/KITTI/2011_09_26/2011_09_26_drive_0056_sync/proj_disp/groundtruth/0000000193.png
/mnt/dataset/dataset/stereo_adaptation/KITTI/2011_09_26/2011_09_26_drive_0056_sync/image_02/data/0000000194.jpg,/mnt/dataset/dataset/stereo_adaptation/KITTI/2011_09_26/2011_09_26_drive_0056_sync/image_03/data/0000000194.jpg,/mnt/dataset/dataset/stereo_adaptation/KITTI/2011_09_26/2011_09_26_drive_0056_sync/proj_disp/groundtruth/0000000194.png
/mnt/dataset/dataset/stereo_adaptation/KITTI/2011_09_26/2011_09_26_drive_0056_sync/image_02/data/0000000195.jpg,/mnt/dataset/dataset/stereo_adaptation/KITTI/2011_09_26/2011_09_26_drive_0056_sync/image_03/data/0000000195.jpg,/mnt/dataset/dataset/stereo_adaptation/KITTI/2011_09_26/2011_09_26_drive_0056_sync/proj_disp/groundtruth/0000000195.png
/mnt/dataset/dataset/stereo_adaptation/KITTI/2011_09_26/2011_09_26_drive_0056_sync/image_02/data/0000000196.jpg,/mnt/dataset/dataset/stereo_adaptation/KITTI/2011_09_26/2011_09_26_drive_0056_sync/image_03/data/0000000196.jpg,/mnt/dataset/dataset/stereo_adaptation/KITTI/2011_09_26/2011_09_26_drive_0056_sync/proj_disp/groundtruth/0000000196.png
/mnt/dataset/dataset/stereo_adaptation/KITTI/2011_09_26/2011_09_26_drive_0056_sync/image_02/data/0000000197.jpg,/mnt/dataset/dataset/stereo_adaptation/KITTI/2011_09_26/2011_09_26_drive_0056_sync/image_03/data/0000000197.jpg,/mnt/dataset/dataset/stereo_adaptation/KITTI/2011_09_26/2011_09_26_drive_0056_sync/proj_disp/groundtruth/0000000197.png
/mnt/dataset/dataset/stereo_adaptation/KITTI/2011_09_26/2011_09_26_drive_0056_sync/image_02/data/0000000198.jpg,/mnt/dataset/dataset/stereo_adaptation/KITTI/2011_09_26/2011_09_26_drive_0056_sync/image_03/data/0000000198.jpg,/mnt/dataset/dataset/stereo_adaptation/KITTI/2011_09_26/2011_09_26_drive_0056_sync/proj_disp/groundtruth/0000000198.png
/mnt/dataset/dataset/stereo_adaptation/KITTI/2011_09_26/2011_09_26_drive_0056_sync/image_02/data/0000000199.jpg,/mnt/dataset/dataset/stereo_adaptation/KITTI/2011_09_26/2011_09_26_drive_0056_sync/image_03/data/0000000199.jpg,/mnt/dataset/dataset/stereo_adaptation/KITTI/2011_09_26/2011_09_26_drive_0056_sync/proj_disp/groundtruth/0000000199.png
/mnt/dataset/dataset/stereo_adaptation/KITTI/2011_09_26/2011_09_26_drive_0056_sync/image_02/data/0000000200.jpg,/mnt/dataset/dataset/stereo_adaptation/KITTI/2011_09_26/2011_09_26_drive_0056_sync/image_03/data/0000000200.jpg,/mnt/dataset/dataset/stereo_adaptation/KITTI/2011_09_26/2011_09_26_drive_0056_sync/proj_disp/groundtruth/0000000200.png
/mnt/dataset/dataset/stereo_adaptation/KITTI/2011_09_26/2011_09_26_drive_0056_sync/image_02/data/0000000201.jpg,/mnt/dataset/dataset/stereo_adaptation/KITTI/2011_09_26/2011_09_26_drive_0056_sync/image_03/data/0000000201.jpg,/mnt/dataset/dataset/stereo_adaptation/KITTI/2011_09_26/2011_09_26_drive_0056_sync/proj_disp/groundtruth/0000000201.png
/mnt/dataset/dataset/stereo_adaptation/KITTI/2011_09_26/2011_09_26_drive_0056_sync/image_02/data/0000000202.jpg,/mnt/dataset/dataset/stereo_adaptation/KITTI/2011_09_26/2011_09_26_drive_0056_sync/image_03/data/0000000202.jpg,/mnt/dataset/dataset/stereo_adaptation/KITTI/2011_09_26/2011_09_26_drive_0056_sync/proj_disp/groundtruth/0000000202.png
/mnt/dataset/dataset/stereo_adaptation/KITTI/2011_09_26/2011_09_26_drive_0056_sync/image_02/data/0000000203.jpg,/mnt/dataset/dataset/stereo_adaptation/KITTI/2011_09_26/2011_09_26_drive_0056_sync/image_03/data/0000000203.jpg,/mnt/dataset/dataset/stereo_adaptation/KITTI/2011_09_26/2011_09_26_drive_0056_sync/proj_disp/groundtruth/0000000203.png
/mnt/dataset/dataset/stereo_adaptation/KITTI/2011_09_26/2011_09_26_drive_0056_sync/image_02/data/0000000204.jpg,/mnt/dataset/dataset/stereo_adaptation/KITTI/2011_09_26/2011_09_26_drive_0056_sync/image_03/data/0000000204.jpg,/mnt/dataset/dataset/stereo_adaptation/KITTI/2011_09_26/2011_09_26_drive_0056_sync/proj_disp/groundtruth/0000000204.png
/mnt/dataset/dataset/stereo_adaptation/KITTI/2011_09_26/2011_09_26_drive_0056_sync/image_02/data/0000000205.jpg,/mnt/dataset/dataset/stereo_adaptation/KITTI/2011_09_26/2011_09_26_drive_0056_sync/image_03/data/0000000205.jpg,/mnt/dataset/dataset/stereo_adaptation/KITTI/2011_09_26/2011_09_26_drive_0056_sync/proj_disp/groundtruth/0000000205.png
/mnt/dataset/dataset/stereo_adaptation/KITTI/2011_09_26/2011_09_26_drive_0056_sync/image_02/data/0000000206.jpg,/mnt/dataset/dataset/stereo_adaptation/KITTI/2011_09_26/2011_09_26_drive_0056_sync/image_03/data/0000000206.jpg,/mnt/dataset/dataset/stereo_adaptation/KITTI/2011_09_26/2011_09_26_drive_0056_sync/proj_disp/groundtruth/0000000206.png
/mnt/dataset/dataset/stereo_adaptation/KITTI/2011_09_26/2011_09_26_drive_0056_sync/image_02/data/0000000207.jpg,/mnt/dataset/dataset/stereo_adaptation/KITTI/2011_09_26/2011_09_26_drive_0056_sync/image_03/data/0000000207.jpg,/mnt/dataset/dataset/stereo_adaptation/KITTI/2011_09_26/2011_09_26_drive_0056_sync/proj_disp/groundtruth/0000000207.png
/mnt/dataset/dataset/stereo_adaptation/KITTI/2011_09_26/2011_09_26_drive_0056_sync/image_02/data/0000000208.jpg,/mnt/dataset/dataset/stereo_adaptation/KITTI/2011_09_26/2011_09_26_drive_0056_sync/image_03/data/0000000208.jpg,/mnt/dataset/dataset/stereo_adaptation/KITTI/2011_09_26/2011_09_26_drive_0056_sync/proj_disp/groundtruth/0000000208.png
/mnt/dataset/dataset/stereo_adaptation/KITTI/2011_09_26/2011_09_26_drive_0056_sync/image_02/data/0000000209.jpg,/mnt/dataset/dataset/stereo_adaptation/KITTI/2011_09_26/2011_09_26_drive_0056_sync/image_03/data/0000000209.jpg,/mnt/dataset/dataset/stereo_adaptation/KITTI/2011_09_26/2011_09_26_drive_0056_sync/proj_disp/groundtruth/0000000209.png
/mnt/dataset/dataset/stereo_adaptation/KITTI/2011_09_26/2011_09_26_drive_0056_sync/image_02/data/0000000210.jpg,/mnt/dataset/dataset/stereo_adaptation/KITTI/2011_09_26/2011_09_26_drive_0056_sync/image_03/data/0000000210.jpg,/mnt/dataset/dataset/stereo_adaptation/KITTI/2011_09_26/2011_09_26_drive_0056_sync/proj_disp/groundtruth/0000000210.png
/mnt/dataset/dataset/stereo_adaptation/KITTI/2011_09_26/2011_09_26_drive_0056_sync/image_02/data/0000000211.jpg,/mnt/dataset/dataset/stereo_adaptation/KITTI/2011_09_26/2011_09_26_drive_0056_sync/image_03/data/0000000211.jpg,/mnt/dataset/dataset/stereo_adaptation/KITTI/2011_09_26/2011_09_26_drive_0056_sync/proj_disp/groundtruth/0000000211.png
/mnt/dataset/dataset/stereo_adaptation/KITTI/2011_09_26/2011_09_26_drive_0056_sync/image_02/data/0000000212.jpg,/mnt/dataset/dataset/stereo_adaptation/KITTI/2011_09_26/2011_09_26_drive_0056_sync/image_03/data/0000000212.jpg,/mnt/dataset/dataset/stereo_adaptation/KITTI/2011_09_26/2011_09_26_drive_0056_sync/proj_disp/groundtruth/0000000212.png
/mnt/dataset/dataset/stereo_adaptation/KITTI/2011_09_26/2011_09_26_drive_0056_sync/image_02/data/0000000213.jpg,/mnt/dataset/dataset/stereo_adaptation/KITTI/2011_09_26/2011_09_26_drive_0056_sync/image_03/data/0000000213.jpg,/mnt/dataset/dataset/stereo_adaptation/KITTI/2011_09_26/2011_09_26_drive_0056_sync/proj_disp/groundtruth/0000000213.png
/mnt/dataset/dataset/stereo_adaptation/KITTI/2011_09_26/2011_09_26_drive_0056_sync/image_02/data/0000000214.jpg,/mnt/dataset/dataset/stereo_adaptation/KITTI/2011_09_26/2011_09_26_drive_0056_sync/image_03/data/0000000214.jpg,/mnt/dataset/dataset/stereo_adaptation/KITTI/2011_09_26/2011_09_26_drive_0056_sync/proj_disp/groundtruth/0000000214.png
/mnt/dataset/dataset/stereo_adaptation/KITTI/2011_09_26/2011_09_26_drive_0056_sync/image_02/data/0000000215.jpg,/mnt/dataset/dataset/stereo_adaptation/KITTI/2011_09_26/2011_09_26_drive_0056_sync/image_03/data/0000000215.jpg,/mnt/dataset/dataset/stereo_adaptation/KITTI/2011_09_26/2011_09_26_drive_0056_sync/proj_disp/groundtruth/0000000215.png
/mnt/dataset/dataset/stereo_adaptation/KITTI/2011_09_26/2011_09_26_drive_0056_sync/image_02/data/0000000216.jpg,/mnt/dataset/dataset/stereo_adaptation/KITTI/2011_09_26/2011_09_26_drive_0056_sync/image_03/data/0000000216.jpg,/mnt/dataset/dataset/stereo_adaptation/KITTI/2011_09_26/2011_09_26_drive_0056_sync/proj_disp/groundtruth/0000000216.png
/mnt/dataset/dataset/stereo_adaptation/KITTI/2011_09_26/2011_09_26_drive_0056_sync/image_02/data/0000000217.jpg,/mnt/dataset/dataset/stereo_adaptation/KITTI/2011_09_26/2011_09_26_drive_0056_sync/image_03/data/0000000217.jpg,/mnt/dataset/dataset/stereo_adaptation/KITTI/2011_09_26/2011_09_26_drive_0056_sync/proj_disp/groundtruth/0000000217.png
/mnt/dataset/dataset/stereo_adaptation/KITTI/2011_09_26/2011_09_26_drive_0056_sync/image_02/data/0000000218.jpg,/mnt/dataset/dataset/stereo_adaptation/KITTI/2011_09_26/2011_09_26_drive_0056_sync/image_03/data/0000000218.jpg,/mnt/dataset/dataset/stereo_adaptation/KITTI/2011_09_26/2011_09_26_drive_0056_sync/proj_disp/groundtruth/0000000218.png
/mnt/dataset/dataset/stereo_adaptation/KITTI/2011_09_26/2011_09_26_drive_0056_sync/image_02/data/0000000219.jpg,/mnt/dataset/dataset/stereo_adaptation/KITTI/2011_09_26/2011_09_26_drive_0056_sync/image_03/data/0000000219.jpg,/mnt/dataset/dataset/stereo_adaptation/KITTI/2011_09_26/2011_09_26_drive_0056_sync/proj_disp/groundtruth/0000000219.png
/mnt/dataset/dataset/stereo_adaptation/KITTI/2011_09_26/2011_09_26_drive_0056_sync/image_02/data/0000000220.jpg,/mnt/dataset/dataset/stereo_adaptation/KITTI/2011_09_26/2011_09_26_drive_0056_sync/image_03/data/0000000220.jpg,/mnt/dataset/dataset/stereo_adaptation/KITTI/2011_09_26/2011_09_26_drive_0056_sync/proj_disp/groundtruth/0000000220.png
/mnt/dataset/dataset/stereo_adaptation/KITTI/2011_09_26/2011_09_26_drive_0056_sync/image_02/data/0000000221.jpg,/mnt/dataset/dataset/stereo_adaptation/KITTI/2011_09_26/2011_09_26_drive_0056_sync/image_03/data/0000000221.jpg,/mnt/dataset/dataset/stereo_adaptation/KITTI/2011_09_26/2011_09_26_drive_0056_sync/proj_disp/groundtruth/0000000221.png
/mnt/dataset/dataset/stereo_adaptation/KITTI/2011_09_26/2011_09_26_drive_0056_sync/image_02/data/0000000222.jpg,/mnt/dataset/dataset/stereo_adaptation/KITTI/2011_09_26/2011_09_26_drive_0056_sync/image_03/data/0000000222.jpg,/mnt/dataset/dataset/stereo_adaptation/KITTI/2011_09_26/2011_09_26_drive_0056_sync/proj_disp/groundtruth/0000000222.png
/mnt/dataset/dataset/stereo_adaptation/KITTI/2011_09_26/2011_09_26_drive_0056_sync/image_02/data/0000000223.jpg,/mnt/dataset/dataset/stereo_adaptation/KITTI/2011_09_26/2011_09_26_drive_0056_sync/image_03/data/0000000223.jpg,/mnt/dataset/dataset/stereo_adaptation/KITTI/2011_09_26/2011_09_26_drive_0056_sync/proj_disp/groundtruth/0000000223.png
/mnt/dataset/dataset/stereo_adaptation/KITTI/2011_09_26/2011_09_26_drive_0056_sync/image_02/data/0000000224.jpg,/mnt/dataset/dataset/stereo_adaptation/KITTI/2011_09_26/2011_09_26_drive_0056_sync/image_03/data/0000000224.jpg,/mnt/dataset/dataset/stereo_adaptation/KITTI/2011_09_26/2011_09_26_drive_0056_sync/proj_disp/groundtruth/0000000224.png
/mnt/dataset/dataset/stereo_adaptation/KITTI/2011_09_26/2011_09_26_drive_0056_sync/image_02/data/0000000225.jpg,/mnt/dataset/dataset/stereo_adaptation/KITTI/2011_09_26/2011_09_26_drive_0056_sync/image_03/data/0000000225.jpg,/mnt/dataset/dataset/stereo_adaptation/KITTI/2011_09_26/2011_09_26_drive_0056_sync/proj_disp/groundtruth/0000000225.png
/mnt/dataset/dataset/stereo_adaptation/KITTI/2011_09_26/2011_09_26_drive_0056_sync/image_02/data/0000000226.jpg,/mnt/dataset/dataset/stereo_adaptation/KITTI/2011_09_26/2011_09_26_drive_0056_sync/image_03/data/0000000226.jpg,/mnt/dataset/dataset/stereo_adaptation/KITTI/2011_09_26/2011_09_26_drive_0056_sync/proj_disp/groundtruth/0000000226.png
/mnt/dataset/dataset/stereo_adaptation/KITTI/2011_09_26/2011_09_26_drive_0056_sync/image_02/data/0000000227.jpg,/mnt/dataset/dataset/stereo_adaptation/KITTI/2011_09_26/2011_09_26_drive_0056_sync/image_03/data/0000000227.jpg,/mnt/dataset/dataset/stereo_adaptation/KITTI/2011_09_26/2011_09_26_drive_0056_sync/proj_disp/groundtruth/0000000227.png
/mnt/dataset/dataset/stereo_adaptation/KITTI/2011_09_26/2011_09_26_drive_0056_sync/image_02/data/0000000228.jpg,/mnt/dataset/dataset/stereo_adaptation/KITTI/2011_09_26/2011_09_26_drive_0056_sync/image_03/data/0000000228.jpg,/mnt/dataset/dataset/stereo_adaptation/KITTI/2011_09_26/2011_09_26_drive_0056_sync/proj_disp/groundtruth/0000000228.png
/mnt/dataset/dataset/stereo_adaptation/KITTI/2011_09_26/2011_09_26_drive_0056_sync/image_02/data/0000000229.jpg,/mnt/dataset/dataset/stereo_adaptation/KITTI/2011_09_26/2011_09_26_drive_0056_sync/image_03/data/0000000229.jpg,/mnt/dataset/dataset/stereo_adaptation/KITTI/2011_09_26/2011_09_26_drive_0056_sync/proj_disp/groundtruth/0000000229.png
/mnt/dataset/dataset/stereo_adaptation/KITTI/2011_09_26/2011_09_26_drive_0056_sync/image_02/data/0000000230.jpg,/mnt/dataset/dataset/stereo_adaptation/KITTI/2011_09_26/2011_09_26_drive_0056_sync/image_03/data/0000000230.jpg,/mnt/dataset/dataset/stereo_adaptation/KITTI/2011_09_26/2011_09_26_drive_0056_sync/proj_disp/groundtruth/0000000230.png
/mnt/dataset/dataset/stereo_adaptation/KITTI/2011_09_26/2011_09_26_drive_0056_sync/image_02/data/0000000231.jpg,/mnt/dataset/dataset/stereo_adaptation/KITTI/2011_09_26/2011_09_26_drive_0056_sync/image_03/data/0000000231.jpg,/mnt/dataset/dataset/stereo_adaptation/KITTI/2011_09_26/2011_09_26_drive_0056_sync/proj_disp/groundtruth/0000000231.png
/mnt/dataset/dataset/stereo_adaptation/KITTI/2011_09_26/2011_09_26_drive_0056_sync/image_02/data/0000000232.jpg,/mnt/dataset/dataset/stereo_adaptation/KITTI/2011_09_26/2011_09_26_drive_0056_sync/image_03/data/0000000232.jpg,/mnt/dataset/dataset/stereo_adaptation/KITTI/2011_09_26/2011_09_26_drive_0056_sync/proj_disp/groundtruth/0000000232.png
/mnt/dataset/dataset/stereo_adaptation/KITTI/2011_09_26/2011_09_26_drive_0056_sync/image_02/data/0000000233.jpg,/mnt/dataset/dataset/stereo_adaptation/KITTI/2011_09_26/2011_09_26_drive_0056_sync/image_03/data/0000000233.jpg,/mnt/dataset/dataset/stereo_adaptation/KITTI/2011_09_26/2011_09_26_drive_0056_sync/proj_disp/groundtruth/0000000233.png
/mnt/dataset/dataset/stereo_adaptation/KITTI/2011_09_26/2011_09_26_drive_0056_sync/image_02/data/0000000234.jpg,/mnt/dataset/dataset/stereo_adaptation/KITTI/2011_09_26/2011_09_26_drive_0056_sync/image_03/data/0000000234.jpg,/mnt/dataset/dataset/stereo_adaptation/KITTI/2011_09_26/2011_09_26_drive_0056_sync/proj_disp/groundtruth/0000000234.png
/mnt/dataset/dataset/stereo_adaptation/KITTI/2011_09_26/2011_09_26_drive_0056_sync/image_02/data/0000000235.jpg,/mnt/dataset/dataset/stereo_adaptation/KITTI/2011_09_26/2011_09_26_drive_0056_sync/image_03/data/0000000235.jpg,/mnt/dataset/dataset/stereo_adaptation/KITTI/2011_09_26/2011_09_26_drive_0056_sync/proj_disp/groundtruth/0000000235.png
/mnt/dataset/dataset/stereo_adaptation/KITTI/2011_09_26/2011_09_26_drive_0056_sync/image_02/data/0000000236.jpg,/mnt/dataset/dataset/stereo_adaptation/KITTI/2011_09_26/2011_09_26_drive_0056_sync/image_03/data/0000000236.jpg,/mnt/dataset/dataset/stereo_adaptation/KITTI/2011_09_26/2011_09_26_drive_0056_sync/proj_disp/groundtruth/0000000236.png
/mnt/dataset/dataset/stereo_adaptation/KITTI/2011_09_26/2011_09_26_drive_0056_sync/image_02/data/0000000237.jpg,/mnt/dataset/dataset/stereo_adaptation/KITTI/2011_09_26/2011_09_26_drive_0056_sync/image_03/data/0000000237.jpg,/mnt/dataset/dataset/stereo_adaptation/KITTI/2011_09_26/2011_09_26_drive_0056_sync/proj_disp/groundtruth/0000000237.png
/mnt/dataset/dataset/stereo_adaptation/KITTI/2011_09_26/2011_09_26_drive_0056_sync/image_02/data/0000000238.jpg,/mnt/dataset/dataset/stereo_adaptation/KITTI/2011_09_26/2011_09_26_drive_0056_sync/image_03/data/0000000238.jpg,/mnt/dataset/dataset/stereo_adaptation/KITTI/2011_09_26/2011_09_26_drive_0056_sync/proj_disp/groundtruth/0000000238.png
/mnt/dataset/dataset/stereo_adaptation/KITTI/2011_09_26/2011_09_26_drive_0056_sync/image_02/data/0000000239.jpg,/mnt/dataset/dataset/stereo_adaptation/KITTI/2011_09_26/2011_09_26_drive_0056_sync/image_03/data/0000000239.jpg,/mnt/dataset/dataset/stereo_adaptation/KITTI/2011_09_26/2011_09_26_drive_0056_sync/proj_disp/groundtruth/0000000239.png
/mnt/dataset/dataset/stereo_adaptation/KITTI/2011_09_26/2011_09_26_drive_0056_sync/image_02/data/0000000240.jpg,/mnt/dataset/dataset/stereo_adaptation/KITTI/2011_09_26/2011_09_26_drive_0056_sync/image_03/data/0000000240.jpg,/mnt/dataset/dataset/stereo_adaptation/KITTI/2011_09_26/2011_09_26_drive_0056_sync/proj_disp/groundtruth/0000000240.png
/mnt/dataset/dataset/stereo_adaptation/KITTI/2011_09_26/2011_09_26_drive_0056_sync/image_02/data/0000000241.jpg,/mnt/dataset/dataset/stereo_adaptation/KITTI/2011_09_26/2011_09_26_drive_0056_sync/image_03/data/0000000241.jpg,/mnt/dataset/dataset/stereo_adaptation/KITTI/2011_09_26/2011_09_26_drive_0056_sync/proj_disp/groundtruth/0000000241.png
/mnt/dataset/dataset/stereo_adaptation/KITTI/2011_09_26/2011_09_26_drive_0056_sync/image_02/data/0000000242.jpg,/mnt/dataset/dataset/stereo_adaptation/KITTI/2011_09_26/2011_09_26_drive_0056_sync/image_03/data/0000000242.jpg,/mnt/dataset/dataset/stereo_adaptation/KITTI/2011_09_26/2011_09_26_drive_0056_sync/proj_disp/groundtruth/0000000242.png
/mnt/dataset/dataset/stereo_adaptation/KITTI/2011_09_26/2011_09_26_drive_0056_sync/image_02/data/0000000243.jpg,/mnt/dataset/dataset/stereo_adaptation/KITTI/2011_09_26/2011_09_26_drive_0056_sync/image_03/data/0000000243.jpg,/mnt/dataset/dataset/stereo_adaptation/KITTI/2011_09_26/2011_09_26_drive_0056_sync/proj_disp/groundtruth/0000000243.png
/mnt/dataset/dataset/stereo_adaptation/KITTI/2011_09_26/2011_09_26_drive_0056_sync/image_02/data/0000000244.jpg,/mnt/dataset/dataset/stereo_adaptation/KITTI/2011_09_26/2011_09_26_drive_0056_sync/image_03/data/0000000244.jpg,/mnt/dataset/dataset/stereo_adaptation/KITTI/2011_09_26/2011_09_26_drive_0056_sync/proj_disp/groundtruth/0000000244.png
/mnt/dataset/dataset/stereo_adaptation/KITTI/2011_09_26/2011_09_26_drive_0056_sync/image_02/data/0000000245.jpg,/mnt/dataset/dataset/stereo_adaptation/KITTI/2011_09_26/2011_09_26_drive_0056_sync/image_03/data/0000000245.jpg,/mnt/dataset/dataset/stereo_adaptation/KITTI/2011_09_26/2011_09_26_drive_0056_sync/proj_disp/groundtruth/0000000245.png
/mnt/dataset/dataset/stereo_adaptation/KITTI/2011_09_26/2011_09_26_drive_0056_sync/image_02/data/0000000246.jpg,/mnt/dataset/dataset/stereo_adaptation/KITTI/2011_09_26/2011_09_26_drive_0056_sync/image_03/data/0000000246.jpg,/mnt/dataset/dataset/stereo_adaptation/KITTI/2011_09_26/2011_09_26_drive_0056_sync/proj_disp/groundtruth/0000000246.png
/mnt/dataset/dataset/stereo_adaptation/KITTI/2011_09_26/2011_09_26_drive_0056_sync/image_02/data/0000000247.jpg,/mnt/dataset/dataset/stereo_adaptation/KITTI/2011_09_26/2011_09_26_drive_0056_sync/image_03/data/0000000247.jpg,/mnt/dataset/dataset/stereo_adaptation/KITTI/2011_09_26/2011_09_26_drive_0056_sync/proj_disp/groundtruth/0000000247.png
/mnt/dataset/dataset/stereo_adaptation/KITTI/2011_09_26/2011_09_26_drive_0056_sync/image_02/data/0000000248.jpg,/mnt/dataset/dataset/stereo_adaptation/KITTI/2011_09_26/2011_09_26_drive_0056_sync/image_03/data/0000000248.jpg,/mnt/dataset/dataset/stereo_adaptation/KITTI/2011_09_26/2011_09_26_drive_0056_sync/proj_disp/groundtruth/0000000248.png
/mnt/dataset/dataset/stereo_adaptation/KITTI/2011_09_26/2011_09_26_drive_0056_sync/image_02/data/0000000249.jpg,/mnt/dataset/dataset/stereo_adaptation/KITTI/2011_09_26/2011_09_26_drive_0056_sync/image_03/data/0000000249.jpg,/mnt/dataset/dataset/stereo_adaptation/KITTI/2011_09_26/2011_09_26_drive_0056_sync/proj_disp/groundtruth/0000000249.png
/mnt/dataset/dataset/stereo_adaptation/KITTI/2011_09_26/2011_09_26_drive_0056_sync/image_02/data/0000000250.jpg,/mnt/dataset/dataset/stereo_adaptation/KITTI/2011_09_26/2011_09_26_drive_0056_sync/image_03/data/0000000250.jpg,/mnt/dataset/dataset/stereo_adaptation/KITTI/2011_09_26/2011_09_26_drive_0056_sync/proj_disp/groundtruth/0000000250.png
/mnt/dataset/dataset/stereo_adaptation/KITTI/2011_09_26/2011_09_26_drive_0056_sync/image_02/data/0000000251.jpg,/mnt/dataset/dataset/stereo_adaptation/KITTI/2011_09_26/2011_09_26_drive_0056_sync/image_03/data/0000000251.jpg,/mnt/dataset/dataset/stereo_adaptation/KITTI/2011_09_26/2011_09_26_drive_0056_sync/proj_disp/groundtruth/0000000251.png
/mnt/dataset/dataset/stereo_adaptation/KITTI/2011_09_26/2011_09_26_drive_0056_sync/image_02/data/0000000252.jpg,/mnt/dataset/dataset/stereo_adaptation/KITTI/2011_09_26/2011_09_26_drive_0056_sync/image_03/data/0000000252.jpg,/mnt/dataset/dataset/stereo_adaptation/KITTI/2011_09_26/2011_09_26_drive_0056_sync/proj_disp/groundtruth/0000000252.png
/mnt/dataset/dataset/stereo_adaptation/KITTI/2011_09_26/2011_09_26_drive_0056_sync/image_02/data/0000000253.jpg,/mnt/dataset/dataset/stereo_adaptation/KITTI/2011_09_26/2011_09_26_drive_0056_sync/image_03/data/0000000253.jpg,/mnt/dataset/dataset/stereo_adaptation/KITTI/2011_09_26/2011_09_26_drive_0056_sync/proj_disp/groundtruth/0000000253.png
/mnt/dataset/dataset/stereo_adaptation/KITTI/2011_09_26/2011_09_26_drive_0056_sync/image_02/data/0000000254.jpg,/mnt/dataset/dataset/stereo_adaptation/KITTI/2011_09_26/2011_09_26_drive_0056_sync/image_03/data/0000000254.jpg,/mnt/dataset/dataset/stereo_adaptation/KITTI/2011_09_26/2011_09_26_drive_0056_sync/proj_disp/groundtruth/0000000254.png
/mnt/dataset/dataset/stereo_adaptation/KITTI/2011_09_26/2011_09_26_drive_0056_sync/image_02/data/0000000255.jpg,/mnt/dataset/dataset/stereo_adaptation/KITTI/2011_09_26/2011_09_26_drive_0056_sync/image_03/data/0000000255.jpg,/mnt/dataset/dataset/stereo_adaptation/KITTI/2011_09_26/2011_09_26_drive_0056_sync/proj_disp/groundtruth/0000000255.png
/mnt/dataset/dataset/stereo_adaptation/KITTI/2011_09_26/2011_09_26_drive_0056_sync/image_02/data/0000000256.jpg,/mnt/dataset/dataset/stereo_adaptation/KITTI/2011_09_26/2011_09_26_drive_0056_sync/image_03/data/0000000256.jpg,/mnt/dataset/dataset/stereo_adaptation/KITTI/2011_09_26/2011_09_26_drive_0056_sync/proj_disp/groundtruth/0000000256.png
/mnt/dataset/dataset/stereo_adaptation/KITTI/2011_09_26/2011_09_26_drive_0056_sync/image_02/data/0000000257.jpg,/mnt/dataset/dataset/stereo_adaptation/KITTI/2011_09_26/2011_09_26_drive_0056_sync/image_03/data/0000000257.jpg,/mnt/dataset/dataset/stereo_adaptation/KITTI/2011_09_26/2011_09_26_drive_0056_sync/proj_disp/groundtruth/0000000257.png
/mnt/dataset/dataset/stereo_adaptation/KITTI/2011_09_26/2011_09_26_drive_0056_sync/image_02/data/0000000258.jpg,/mnt/dataset/dataset/stereo_adaptation/KITTI/2011_09_26/2011_09_26_drive_0056_sync/image_03/data/0000000258.jpg,/mnt/dataset/dataset/stereo_adaptation/KITTI/2011_09_26/2011_09_26_drive_0056_sync/proj_disp/groundtruth/0000000258.png
/mnt/dataset/dataset/stereo_adaptation/KITTI/2011_09_26/2011_09_26_drive_0056_sync/image_02/data/0000000259.jpg,/mnt/dataset/dataset/stereo_adaptation/KITTI/2011_09_26/2011_09_26_drive_0056_sync/image_03/data/0000000259.jpg,/mnt/dataset/dataset/stereo_adaptation/KITTI/2011_09_26/2011_09_26_drive_0056_sync/proj_disp/groundtruth/0000000259.png
/mnt/dataset/dataset/stereo_adaptation/KITTI/2011_09_26/2011_09_26_drive_0056_sync/image_02/data/0000000260.jpg,/mnt/dataset/dataset/stereo_adaptation/KITTI/2011_09_26/2011_09_26_drive_0056_sync/image_03/data/0000000260.jpg,/mnt/dataset/dataset/stereo_adaptation/KITTI/2011_09_26/2011_09_26_drive_0056_sync/proj_disp/groundtruth/0000000260.png
/mnt/dataset/dataset/stereo_adaptation/KITTI/2011_09_26/2011_09_26_drive_0056_sync/image_02/data/0000000261.jpg,/mnt/dataset/dataset/stereo_adaptation/KITTI/2011_09_26/2011_09_26_drive_0056_sync/image_03/data/0000000261.jpg,/mnt/dataset/dataset/stereo_adaptation/KITTI/2011_09_26/2011_09_26_drive_0056_sync/proj_disp/groundtruth/0000000261.png
/mnt/dataset/dataset/stereo_adaptation/KITTI/2011_09_26/2011_09_26_drive_0056_sync/image_02/data/0000000262.jpg,/mnt/dataset/dataset/stereo_adaptation/KITTI/2011_09_26/2011_09_26_drive_0056_sync/image_03/data/0000000262.jpg,/mnt/dataset/dataset/stereo_adaptation/KITTI/2011_09_26/2011_09_26_drive_0056_sync/proj_disp/groundtruth/0000000262.png
/mnt/dataset/dataset/stereo_adaptation/KITTI/2011_09_26/2011_09_26_drive_0056_sync/image_02/data/0000000263.jpg,/mnt/dataset/dataset/stereo_adaptation/KITTI/2011_09_26/2011_09_26_drive_0056_sync/image_03/data/0000000263.jpg,/mnt/dataset/dataset/stereo_adaptation/KITTI/2011_09_26/2011_09_26_drive_0056_sync/proj_disp/groundtruth/0000000263.png
/mnt/dataset/dataset/stereo_adaptation/KITTI/2011_09_26/2011_09_26_drive_0056_sync/image_02/data/0000000264.jpg,/mnt/dataset/dataset/stereo_adaptation/KITTI/2011_09_26/2011_09_26_drive_0056_sync/image_03/data/0000000264.jpg,/mnt/dataset/dataset/stereo_adaptation/KITTI/2011_09_26/2011_09_26_drive_0056_sync/proj_disp/groundtruth/0000000264.png
/mnt/dataset/dataset/stereo_adaptation/KITTI/2011_09_26/2011_09_26_drive_0056_sync/image_02/data/0000000265.jpg,/mnt/dataset/dataset/stereo_adaptation/KITTI/2011_09_26/2011_09_26_drive_0056_sync/image_03/data/0000000265.jpg,/mnt/dataset/dataset/stereo_adaptation/KITTI/2011_09_26/2011_09_26_drive_0056_sync/proj_disp/groundtruth/0000000265.png
/mnt/dataset/dataset/stereo_adaptation/KITTI/2011_09_26/2011_09_26_drive_0056_sync/image_02/data/0000000266.jpg,/mnt/dataset/dataset/stereo_adaptation/KITTI/2011_09_26/2011_09_26_drive_0056_sync/image_03/data/0000000266.jpg,/mnt/dataset/dataset/stereo_adaptation/KITTI/2011_09_26/2011_09_26_drive_0056_sync/proj_disp/groundtruth/0000000266.png
/mnt/dataset/dataset/stereo_adaptation/KITTI/2011_09_26/2011_09_26_drive_0056_sync/image_02/data/0000000267.jpg,/mnt/dataset/dataset/stereo_adaptation/KITTI/2011_09_26/2011_09_26_drive_0056_sync/image_03/data/0000000267.jpg,/mnt/dataset/dataset/stereo_adaptation/KITTI/2011_09_26/2011_09_26_drive_0056_sync/proj_disp/groundtruth/0000000267.png
/mnt/dataset/dataset/stereo_adaptation/KITTI/2011_09_26/2011_09_26_drive_0056_sync/image_02/data/0000000268.jpg,/mnt/dataset/dataset/stereo_adaptation/KITTI/2011_09_26/2011_09_26_drive_0056_sync/image_03/data/0000000268.jpg,/mnt/dataset/dataset/stereo_adaptation/KITTI/2011_09_26/2011_09_26_drive_0056_sync/proj_disp/groundtruth/0000000268.png
/mnt/dataset/dataset/stereo_adaptation/KITTI/2011_09_26/2011_09_26_drive_0056_sync/image_02/data/0000000269.jpg,/mnt/dataset/dataset/stereo_adaptation/KITTI/2011_09_26/2011_09_26_drive_0056_sync/image_03/data/0000000269.jpg,/mnt/dataset/dataset/stereo_adaptation/KITTI/2011_09_26/2011_09_26_drive_0056_sync/proj_disp/groundtruth/0000000269.png
/mnt/dataset/dataset/stereo_adaptation/KITTI/2011_09_26/2011_09_26_drive_0056_sync/image_02/data/0000000270.jpg,/mnt/dataset/dataset/stereo_adaptation/KITTI/2011_09_26/2011_09_26_drive_0056_sync/image_03/data/0000000270.jpg,/mnt/dataset/dataset/stereo_adaptation/KITTI/2011_09_26/2011_09_26_drive_0056_sync/proj_disp/groundtruth/0000000270.png
/mnt/dataset/dataset/stereo_adaptation/KITTI/2011_09_26/2011_09_26_drive_0056_sync/image_02/data/0000000271.jpg,/mnt/dataset/dataset/stereo_adaptation/KITTI/2011_09_26/2011_09_26_drive_0056_sync/image_03/data/0000000271.jpg,/mnt/dataset/dataset/stereo_adaptation/KITTI/2011_09_26/2011_09_26_drive_0056_sync/proj_disp/groundtruth/0000000271.png
/mnt/dataset/dataset/stereo_adaptation/KITTI/2011_09_26/2011_09_26_drive_0056_sync/image_02/data/0000000272.jpg,/mnt/dataset/dataset/stereo_adaptation/KITTI/2011_09_26/2011_09_26_drive_0056_sync/image_03/data/0000000272.jpg,/mnt/dataset/dataset/stereo_adaptation/KITTI/2011_09_26/2011_09_26_drive_0056_sync/proj_disp/groundtruth/0000000272.png
/mnt/dataset/dataset/stereo_adaptation/KITTI/2011_09_26/2011_09_26_drive_0056_sync/image_02/data/0000000273.jpg,/mnt/dataset/dataset/stereo_adaptation/KITTI/2011_09_26/2011_09_26_drive_0056_sync/image_03/data/0000000273.jpg,/mnt/dataset/dataset/stereo_adaptation/KITTI/2011_09_26/2011_09_26_drive_0056_sync/proj_disp/groundtruth/0000000273.png
/mnt/dataset/dataset/stereo_adaptation/KITTI/2011_09_26/2011_09_26_drive_0056_sync/image_02/data/0000000274.jpg,/mnt/dataset/dataset/stereo_adaptation/KITTI/2011_09_26/2011_09_26_drive_0056_sync/image_03/data/0000000274.jpg,/mnt/dataset/dataset/stereo_adaptation/KITTI/2011_09_26/2011_09_26_drive_0056_sync/proj_disp/groundtruth/0000000274.png
/mnt/dataset/dataset/stereo_adaptation/KITTI/2011_09_26/2011_09_26_drive_0056_sync/image_02/data/0000000275.jpg,/mnt/dataset/dataset/stereo_adaptation/KITTI/2011_09_26/2011_09_26_drive_0056_sync/image_03/data/0000000275.jpg,/mnt/dataset/dataset/stereo_adaptation/KITTI/2011_09_26/2011_09_26_drive_0056_sync/proj_disp/groundtruth/0000000275.png
/mnt/dataset/dataset/stereo_adaptation/KITTI/2011_09_26/2011_09_26_drive_0056_sync/image_02/data/0000000276.jpg,/mnt/dataset/dataset/stereo_adaptation/KITTI/2011_09_26/2011_09_26_drive_0056_sync/image_03/data/0000000276.jpg,/mnt/dataset/dataset/stereo_adaptation/KITTI/2011_09_26/2011_09_26_drive_0056_sync/proj_disp/groundtruth/0000000276.png
/mnt/dataset/dataset/stereo_adaptation/KITTI/2011_09_26/2011_09_26_drive_0056_sync/image_02/data/0000000277.jpg,/mnt/dataset/dataset/stereo_adaptation/KITTI/2011_09_26/2011_09_26_drive_0056_sync/image_03/data/0000000277.jpg,/mnt/dataset/dataset/stereo_adaptation/KITTI/2011_09_26/2011_09_26_drive_0056_sync/proj_disp/groundtruth/0000000277.png
/mnt/dataset/dataset/stereo_adaptation/KITTI/2011_09_26/2011_09_26_drive_0056_sync/image_02/data/0000000278.jpg,/mnt/dataset/dataset/stereo_adaptation/KITTI/2011_09_26/2011_09_26_drive_0056_sync/image_03/data/0000000278.jpg,/mnt/dataset/dataset/stereo_adaptation/KITTI/2011_09_26/2011_09_26_drive_0056_sync/proj_disp/groundtruth/0000000278.png
/mnt/dataset/dataset/stereo_adaptation/KITTI/2011_09_26/2011_09_26_drive_0056_sync/image_02/data/0000000279.jpg,/mnt/dataset/dataset/stereo_adaptation/KITTI/2011_09_26/2011_09_26_drive_0056_sync/image_03/data/0000000279.jpg,/mnt/dataset/dataset/stereo_adaptation/KITTI/2011_09_26/2011_09_26_drive_0056_sync/proj_disp/groundtruth/0000000279.png
/mnt/dataset/dataset/stereo_adaptation/KITTI/2011_09_26/2011_09_26_drive_0056_sync/image_02/data/0000000280.jpg,/mnt/dataset/dataset/stereo_adaptation/KITTI/2011_09_26/2011_09_26_drive_0056_sync/image_03/data/0000000280.jpg,/mnt/dataset/dataset/stereo_adaptation/KITTI/2011_09_26/2011_09_26_drive_0056_sync/proj_disp/groundtruth/0000000280.png
/mnt/dataset/dataset/stereo_adaptation/KITTI/2011_09_26/2011_09_26_drive_0056_sync/image_02/data/0000000281.jpg,/mnt/dataset/dataset/stereo_adaptation/KITTI/2011_09_26/2011_09_26_drive_0056_sync/image_03/data/0000000281.jpg,/mnt/dataset/dataset/stereo_adaptation/KITTI/2011_09_26/2011_09_26_drive_0056_sync/proj_disp/groundtruth/0000000281.png
/mnt/dataset/dataset/stereo_adaptation/KITTI/2011_09_26/2011_09_26_drive_0056_sync/image_02/data/0000000282.jpg,/mnt/dataset/dataset/stereo_adaptation/KITTI/2011_09_26/2011_09_26_drive_0056_sync/image_03/data/0000000282.jpg,/mnt/dataset/dataset/stereo_adaptation/KITTI/2011_09_26/2011_09_26_drive_0056_sync/proj_disp/groundtruth/0000000282.png
/mnt/dataset/dataset/stereo_adaptation/KITTI/2011_09_26/2011_09_26_drive_0056_sync/image_02/data/0000000283.jpg,/mnt/dataset/dataset/stereo_adaptation/KITTI/2011_09_26/2011_09_26_drive_0056_sync/image_03/data/0000000283.jpg,/mnt/dataset/dataset/stereo_adaptation/KITTI/2011_09_26/2011_09_26_drive_0056_sync/proj_disp/groundtruth/0000000283.png
/mnt/dataset/dataset/stereo_adaptation/KITTI/2011_09_26/2011_09_26_drive_0056_sync/image_02/data/0000000284.jpg,/mnt/dataset/dataset/stereo_adaptation/KITTI/2011_09_26/2011_09_26_drive_0056_sync/image_03/data/0000000284.jpg,/mnt/dataset/dataset/stereo_adaptation/KITTI/2011_09_26/2011_09_26_drive_0056_sync/proj_disp/groundtruth/0000000284.png
/mnt/dataset/dataset/stereo_adaptation/KITTI/2011_09_26/2011_09_26_drive_0056_sync/image_02/data/0000000285.jpg,/mnt/dataset/dataset/stereo_adaptation/KITTI/2011_09_26/2011_09_26_drive_0056_sync/image_03/data/0000000285.jpg,/mnt/dataset/dataset/stereo_adaptation/KITTI/2011_09_26/2011_09_26_drive_0056_sync/proj_disp/groundtruth/0000000285.png
/mnt/dataset/dataset/stereo_adaptation/KITTI/2011_09_26/2011_09_26_drive_0056_sync/image_02/data/0000000286.jpg,/mnt/dataset/dataset/stereo_adaptation/KITTI/2011_09_26/2011_09_26_drive_0056_sync/image_03/data/0000000286.jpg,/mnt/dataset/dataset/stereo_adaptation/KITTI/2011_09_26/2011_09_26_drive_0056_sync/proj_disp/groundtruth/0000000286.png
/mnt/dataset/dataset/stereo_adaptation/KITTI/2011_09_26/2011_09_26_drive_0056_sync/image_02/data/0000000287.jpg,/mnt/dataset/dataset/stereo_adaptation/KITTI/2011_09_26/2011_09_26_drive_0056_sync/image_03/data/0000000287.jpg,/mnt/dataset/dataset/stereo_adaptation/KITTI/2011_09_26/2011_09_26_drive_0056_sync/proj_disp/groundtruth/0000000287.png
/mnt/dataset/dataset/stereo_adaptation/KITTI/2011_09_26/2011_09_26_drive_0056_sync/image_02/data/0000000288.jpg,/mnt/dataset/dataset/stereo_adaptation/KITTI/2011_09_26/2011_09_26_drive_0056_sync/image_03/data/0000000288.jpg,/mnt/dataset/dataset/stereo_adaptation/KITTI/2011_09_26/2011_09_26_drive_0056_sync/proj_disp/groundtruth/0000000288.png
